row#,Name,FIPS,Source,ToxPi Score,Transportation,Energy,"Food, Water, and Waste Management",Communications,Financial Services,Governance
1,26163500100,26163500100,"+42.4444014,-082.9509210",0.389830573922882,0.623662515348185,0.581310087832835,0.358745150952943,0.213689482470785,0.444810543657331,0.116765663275214
2,26163500200,26163500200,"+42.4461071,-082.9633178",0.315369444251664,0.597263637958253,0.358248400166154,0.550324675324675,0.146911519198664,0.115321252059308,0.12414718080293
3,26163500300,26163500300,"+42.4388723,-082.9656436",0.396628134142712,0.452990703385371,0.687167014827435,0.529684601113172,0.390651085141903,0.196046128500824,0.123229271887567
4,26163500400,26163500400,"+42.4261558,-082.9793388",0.457349457893485,0.332047009296615,0.939931732395808,0.400594535334795,0.377295492487479,0.342668863261944,0.351559114584268
5,26163500500,26163500500,"+42.4241342,-082.9679434",0.414415108182164,0.395895456937379,0.840564441849125,0.331695901501096,0.550918196994992,0.233937397034596,0.133479254775794
6,26163500600,26163500600,"+42.4315247,-082.9651767",0.347507386107023,0.515611296263813,0.681110823485501,0.19082054309327,0.242070116861436,0.261943986820428,0.193487550117691
7,26163500700,26163500700,"+42.4295995,-082.9473259",0.525277640703493,0.695492018944045,0.740763706196459,0.146989374262102,0.662771285475793,0.825370675453048,0.0802787838895103
8,26163500800,26163500800,"+42.4246567,-082.9351961",0.453100501042412,0.605244693913349,0.461745459361511,0.192127677517288,0.602671118530885,0.784184514003295,0.0726295429281468
9,26163500900,26163500900,"+42.4223549,-082.9475917",0.38779626620935,0.344325556919839,0.502405018331116,0.249620509360769,0.290484140233723,0.927512355848435,0.0124300165622157
10,26163501000,26163501000,"+42.4187276,-082.9515638",0.31871486417093,0.337572355727065,0.452251807526293,0.180637544273908,0.504173622704508,0.420098846787479,0.0175550080063293
11,26163501100,26163501100,"+42.4128315,-082.9601612",0.564227031293154,0.457288195053499,0.723618544226451,0.271673132062742,0.779632721202003,0.940691927512356,0.212457667701872
12,26163501200,26163501200,"+42.4114379,-082.9513090",0.41060561189203,0.365199087879319,0.696407823684163,0.315293472761005,0.821368948247078,0.227347611202636,0.0380167275779768
13,26163501300,26163501300,"+42.4033690,-082.9505462",0.478893126347748,0.294597439045781,0.594247220232254,0.485242030696576,0.612687813021703,0.726523887973641,0.160060367116532
14,26163501400,26163501400,"+42.4091561,-082.9385202",0.292417215146451,0.290913874758814,0.369337370794228,0.0971285208298195,0.196994991652755,0.759472817133443,0.0406557157096472
15,26163501500,26163501500,"+42.4183457,-082.9264931",0.474659141445072,0.815207858270479,0.408660474020384,0.0976977567886659,0.622704507512521,0.883031301482702,0.0206529505956815
16,26163501600,26163501600,"+42.4129132,-082.9207524",0.439710586270986,0.767935449921067,0.388330694535582,0.138429752066116,0.565943238731219,0.596375617792422,0.181248764579509
17,26163501700,26163501700,"+42.4042423,-082.9212936",0.368361978699932,0.629187861778635,0.531921426034399,0.0184474616292798,0.666110183639399,0.275123558484349,0.0893813806335329
18,26163501800,26163501800,"+42.3983391,-082.9316723",0.298235281443327,0.586826872478513,0.287765409876528,0.0195016022938101,0.253756260434057,0.606260296540362,0.0353012470366927
19,26163501900,26163501900,"+42.3952603,-082.9401000",0.399398508271922,0.615681459393089,0.572580985004003,0.0824548827795581,0.290484140233723,0.797364085667216,0.0378254965539427
20,26163502000,26163502000,"+42.3932938,-082.9469658",0.385294303631686,0.740308717768813,0.436382900590569,0.188838758643953,0.297161936560935,0.350906095551895,0.298167412673951
21,26163503100,26163503100,"+42.4461391,-082.9778891",0.396848923164676,0.597877565339414,0.490750161036897,0.441727104064766,0.156928213689482,0.454695222405272,0.239115272452224
22,26163503200,26163503200,"+42.4454982,-082.9953169",0.422174269849133,0.681985616558499,0.674476705335589,0.159386068476978,0.40567612687813,0.420098846787479,0.191422255058122
23,26163503300,26163503300,"+42.4383158,-082.9950446",0.456798510426399,0.518067005788458,0.56390606281342,0.270007589812785,0.434056761268781,0.668863261943987,0.285890380930962
24,26163503400,26163503400,"+42.4389974,-082.9801546",0.449421372798426,0.32959129977197,0.752099499732107,0.2538159892056,0.818030050083472,0.270181219110379,0.27281017888703
25,26163503500,26163503500,"+42.4312541,-082.9922641",0.557351355490594,0.443781792667953,0.805449368193557,0.422436329903862,0.742904841402337,0.528830313014827,0.400705487761029
26,26163503600,26163503600,"+42.4249818,-082.9967805",0.434726248549693,0.596649710577092,0.646561636496078,0.207897621858661,0.550918196994992,0.205930807248764,0.400399518122574
27,26163503900,26163503900,"+42.4134536,-082.9873463",0.496287697027236,0.446237502192598,0.862742383105273,0.748355540563333,0.17195325542571,0.28500823723229,0.46342926364421
28,26163504000,26163504000,"+42.4169793,-082.9776759",0.54855090965011,0.695492018944045,0.931371191552637,0.428676842637882,0.529215358931553,0.324546952224053,0.382003093610495
29,26163504100,26163504100,"+42.4153882,-082.9679696",0.580798518390207,0.577004034379933,0.925826706238599,0.489079102715466,0.828046744574291,0.397034596375618,0.267799926057337
30,26163504200,26163504200,"+42.4081498,-082.9717558",0.558237470271583,0.481845290299947,0.85534973601989,0.482438016528926,0.669449081803005,0.525535420098847,0.334807276878882
31,26163504300,26163504300,"+42.4055763,-082.9803156",0.557871419586381,0.600333274864059,0.907345088525143,0.517519817844493,0.430717863105175,0.542009884678748,0.349302588500666
32,26163504400,26163504400,"+42.4030542,-082.9892425",0.613824434696628,0.567795123662515,0.898104279668415,0.792186709394502,0.554257095158598,0.487644151565074,0.382959248730665
33,26163504700,26163504700,"+42.3941500,-083.0172716",0.565223473163539,0.432818803718646,0.898351102575988,0.440293472761005,0.844741235392321,0.462932454695222,0.312203769838053
34,26163504800,26163504800,"+42.4089695,-083.0133701",0.586623196507288,0.764251885634099,0.862742383105273,0.416954798448305,0.76126878130217,0.179571663920923,0.534949666632959
35,26163504900,26163504900,"+42.4263378,-083.0129968",0.606068958444193,0.853885283283634,0.711759004521073,0.142920391297015,0.585976627712855,0.795716639209226,0.546155804641356
36,26163505000,26163505000,"+42.4391006,-083.0087283",0.591321566386539,0.957025083318716,0.88911029371926,0.101197503794906,0.858096828046745,0.301482701812191,0.441016987627415
37,26163505100,26163505100,"+42.4403465,-083.0179417",0.558800989444488,0.680143834415015,0.662629205772044,0.0979929161747343,0.749582637729549,0.662273476112026,0.500183866463562
38,26163505200,26163505200,"+42.4138010,-083.0035037",0.569121767588511,0.651289247500439,0.711759004521073,0.545075054815314,0.629382303839733,0.446457990115321,0.430767004739188
39,26163505400,26163505400,"+42.4186463,-082.9937654",0.605515335574379,0.477547798631819,1,0.845779220779221,0.601001669449082,0.365733113673806,0.343030210912348
40,26163505500,26163505500,"+42.3970633,-083.0014601",0.566362712703739,0.27135590247325,0.92027018078273,0.86525974025974,0.500834724540901,0.327841845140033,0.512613883025777
41,26163506100,26163506100,"+42.4445674,-083.0320133",0.545636842928838,0.879670233292405,0.714377735369723,0.351007758475291,0.542570951585977,0.42174629324547,0.364448085604166
42,26163506200,26163506200,"+42.4374798,-083.0316910",0.495532471139502,0.580073671285739,0.709910842749728,0.203217237308146,0.804674457429048,0.245469522240527,0.429849095823824
43,26163506300,26163506300,"+42.4265859,-083.0313176",0.564011707682764,0.828100333274864,0.979411357465791,0.188606847697757,0.484140233722872,0.515650741350906,0.388160732584393
44,26163506400,26163506400,"+42.4225996,-083.0523153",0.583641397668868,0.607788107349588,0.931371191552637,0.521272558610221,0.419031719532554,0.255354200988468,0.767030607979743
45,26163506500,26163506500,"+42.4298760,-083.0459797",0.565997484617362,0.717593404665848,0.931371191552637,0.406202563670096,0.574290484140234,0.593080724876442,0.173446538798918
46,26163506600,26163506600,"+42.4370474,-083.0485200",0.652933857604257,0.711454130854236,0.797545015080278,0.660714285714286,0.535893155258765,0.866556836902801,0.345439721815177
47,26163506700,26163506700,"+42.4441868,-083.0465810",0.507955681009578,0.763024030871777,0.646561636496078,0.602272727272727,0.348914858096828,0.232289950576606,0.454670882743449
48,26163506800,26163506800,"+42.4438513,-083.0676404",0.605874497160994,0.826872478512542,0.541216415529375,0.513155675493338,0.797996661101836,0.57495881383855,0.381046938490325
49,26163506900,26163506900,"+42.4368143,-083.0671656",0.582422479561441,0.594194001052447,0.786456044452204,0.800788497217069,0.390651085141903,0.652388797364086,0.27005645214094
50,26163507000,26163507000,"+42.4296948,-083.0621938",0.575247600302037,0.675232415365725,0.862742383105273,0.508686119075729,0.495826377295493,0.57331136738056,0.335686939589439
51,26163507100,26163507100,"+42.4277494,-083.0763573",0.56114691355586,0.627346079635152,0.74949280902529,0.579165963906224,0.697829716193656,0.542009884678748,0.171037027896089
52,26163507200,26163507200,"+42.4209193,-083.0737640",0.574636702581785,0.669707068935275,0.971350482508684,0.626981784449317,0.562604340567613,0.461285008237232,0.155891530792589
53,26163507300,26163507300,"+42.4262623,-083.0877402",0.536746604351905,0.560427995088581,0.785366411616329,0.675303592511385,0.360601001669449,0.350906095551895,0.487874529673795
54,26163507400,26163507400,"+42.4362144,-083.0856365",0.473968619254179,0.478775653394141,0.655748264714558,0.37150025299376,0.470784641068447,0.594728171334432,0.272274732019735
55,26163507500,26163507500,"+42.4432546,-083.0881317",0.491381917747096,0.608146896078838,0.399419665163656,0.461207623545286,0.609348914858097,0.655683690280066,0.214484716556634
56,26163507800,26163507800,"+42.4243919,-083.0970382",0.479791793933551,0.384318540606911,0.813191179392093,0.727441389779052,0.375626043405676,0.179571663920923,0.398601946496654
57,26163507900,26163507900,"+42.4263906,-083.1066037",0.461412793446408,0.629801789159797,0.64304591508088,0.680194805194805,0.32220367278798,0.202635914332784,0.290594664122201
58,26163508000,26163508000,"+42.4392203,-083.1132634",0.582204463376441,0.527363620417471,0.561738837283503,0.433610220947883,0.881469115191987,0.43163097199341,0.657414014424389
59,26163508100,26163508100,"+42.4408940,-083.1014824",0.476213997497842,0.540256095421856,0.675903462142784,0.551948051948052,0.626043405676127,0.336079077429984,0.127053892368248
60,26163510400,26163510400,"+42.4147480,-083.0760398",0.636692428707376,0.706542711804947,0.906923683560992,0.701467363805026,0.944908180300501,0.179571663920923,0.38074096885187
61,26163510500,26163510500,"+42.4086539,-083.0689077",0.525631932129881,0.406276410837014,0.583669955632077,0.642857142857143,0.646076794657763,0.589785831960461,0.285125456834826
62,26163510600,26163510600,"+42.4074065,-083.0465471",0.525338701406571,0.686283108226627,0.625665970345131,0.617958340360938,0.145242070116861,0.784184514003295,0.292698205386576
63,26163510700,26163510700,"+42.3936461,-083.0398776",0.563254333443336,0.785739343974741,0.623896069495699,0.61038961038961,0.749582637729549,0.466227347611203,0.143690991459214
64,26163511000,26163511000,"+42.4008260,-083.0306599",0.622268500978065,0.863708121382214,0.61717165028204,0.61525974025974,0.746243739565943,0.471169686985173,0.420058067393278
65,26163511200,26163511200,"+42.3763856,-083.0658451",0.43128357568989,0.150412208384494,0.513674591086683,0.637987012987013,0.669449081803005,0.415156507413509,0.201022052464634
66,26163511300,26163511300,"+42.4154477,-083.0497684",0.592979505111095,0.591124364146641,0.91288957383918,0.621753246753247,0.575959933222037,0.533772652388797,0.322377260316666
67,26163511400,26163511400,"+42.3900705,-083.0776630",0.48120078291754,0.429047535520084,0.433968852153078,0.63961038961039,0.641068447412354,0.464579901153213,0.278929571656121
68,26163511900,26163511900,"+42.3735241,-083.0718813",0.294739228613013,0.345553411682161,0.134367982854838,0.672077922077922,0.130217028380634,0.393739703459638,0.0924793232228851
69,26163512100,26163512100,"+42.3989089,-082.9638962",0.488478438144471,0.363971233116997,0.617502754182444,0.321997807387418,0.584307178631052,0.70675453047776,0.336337125071155
70,26163512200,26163512200,"+42.3953197,-082.9768484",0.594511563662164,0.54446588317839,0.887262131947914,0.404326193287232,0.465776293823038,0.265238879736409,1
71,26163512300,26163512300,"+42.3882982,-082.9663155",0.627893344476434,0.634099280827925,0.552817092185346,0.47562826783606,0.909849749582638,0.446457990115321,0.748507686311312
72,26163512400,26163512400,"+42.3908867,-082.9560714",0.626783640255415,0.578231889142256,0.799471437773537,0.568181818181818,0.779632721202003,0.579901153212521,0.455282822020358
73,26163512600,26163512600,"+42.3820764,-082.9560601",0.551286322894613,0.801701455884933,0.777293496517389,0.177833530106257,0.616026711185309,0.490939044481054,0.443923699192733
74,26163512900,26163512900,"+42.3755477,-082.9504678",0.576793309497155,0.767935449921067,0.780586475308679,0.169716646989374,0.8330550918197,0.512355848434926,0.397110344509188
75,26163513200,26163513200,"+42.3679701,-082.9383380",0.425257765968202,0.742150499912296,0.589214440946114,0.0942612582222972,0.444073455759599,0.481054365733114,0.200792575235793
76,26163513300,26163513300,"+42.3582384,-082.9413094",0.496224268777286,0.974828977372391,0.385591562268604,0.341478326867937,0.277128547579299,0.449752883031302,0.548565315544186
77,26163513600,26163513600,"+42.3657136,-082.9802179",0.475192142035877,0.586212945097351,0.609544220430917,0.441663855624895,0.380634390651085,0.275123558484349,0.557973881926663
78,26163513700,26163513700,"+42.3580493,-082.9609921",0.564831661800942,0.735397298719523,0.350476488613036,0.826298701298701,0.365609348914858,0.530477759472817,0.58073037378672
79,26163513900,26163513900,"+42.3722151,-082.9837943",0.63165434521502,0.667865286791791,0.757631944904311,0.513872491145218,0.646076794657763,0.634266886326194,0.570212667464845
80,26163514100,26163514100,"+42.3798303,-082.9893988",0.666236540790689,0.558586212945097,0.813335661094088,0.931818181818182,0.632721202003339,0.599670510708402,0.461287476175028
81,26163514200,26163514200,"+42.3817139,-083.0084252",0.588610048307976,0.429661462901245,0.443775547675952,0.844155844155844,0.818030050083472,0.700164744645799,0.295872640385542
82,26163514300,26163514300,"+42.3888619,-082.9934067",0.592518479262722,0.396788442219069,0.571298709898803,0.797246584584247,0.742904841402337,0.527182866556837,0.519689430915039
83,26163514500,26163514500,"+42.3753160,-082.9999028",0.572746683271965,0.549377302227679,0.600303411574188,0.917207792207792,0.696160267111853,0.215815485996705,0.457615840513574
84,26163515200,26163515200,"+42.3616627,-083.0056672",0.477548612625177,0.452990703385371,0.230725237943303,0.939935064935065,0.529215358931553,0.382207578253707,0.330217732302064
85,26163515300,26163515300,"+42.3532902,-083.0005510",0.414114301096455,0.475092089107174,0.137811463419039,0.362582222971833,0.676126878130217,0.525535420098847,0.307537732851621
86,26163515400,26163515400,"+42.3609676,-082.9963793",0.348329219401844,0.440098228380986,0.183359319972789,0.679815314555574,0.0584307178631052,0.191103789126853,0.537167946511754
87,26163515600,26163515600,"+42.3639483,-082.9917654",0.487494778031767,0.558586212945097,0.29146173341922,0.522389947714623,0.597662771285476,0.382207578253707,0.572660424572481
88,26163515700,26163515700,"+42.3530390,-082.9871415",0.523522366747986,0.524820206981231,0.156563984323735,0.535376960701636,0.20534223706177,0.721581548599671,0.997449262819874
89,26163515900,26163515900,"+42.3829752,-083.0169292",0.480181415802467,0.235245810144951,0.364304591508088,0.675324675324675,0.684474123539232,0.532125205930807,0.389614088367052
90,26163516000,26163516000,"+42.3714831,-083.0093251",0.560230803884158,0.430889317663568,0.48017289643672,0.868506493506493,0.701168614357262,0.545304777594728,0.335342723746177
91,26163516100,26163516100,"+42.3756603,-083.0258411",0.343138970555799,0.147007701998055,0.372467807670774,0.216077753415416,0.631051752921536,0.314662273476112,0.377566533852904
92,26163516200,26163516200,"+42.3661558,-083.0189390",0.437902778921864,0.275653394141379,0.480419719344294,0.367452352841963,0.876460767946578,0.265238879736409,0.362191559520563
93,26163516300,26163516300,"+42.3595713,-083.0152242",0.472661706326043,0.414313278372215,0.406246425582893,0.531729634002361,0.634390651085142,0.393739703459638,0.455550545454005
94,26163516400,26163516400,"+42.3508558,-083.0096137",0.334280204540728,0.507630240308718,0.115759943652136,0.649919885309496,0.0834724540901502,0.14003294892916,0.508865754954709
95,26163516500,26163516500,"+42.3375655,-083.0148583",0.366359805374708,0.475706016488335,0.044355882512296,0.642709563164109,0.195325542570952,0.321252059308072,0.518809768204482
96,26163516600,26163516600,"+42.3413645,-083.0201887",0.48156527372638,0.465883178389756,0.114038203370036,0.464644122111655,0.699499165275459,0.642504118616145,0.502822854595232
97,26163516700,26163516700,"+42.3483954,-083.0210206",0.4729597978656,0.543238028416067,0.0595324812926296,0.821407488615281,0.470784641068447,0.456342668863262,0.486453478937914
98,26163516800,26163516800,"+42.3560005,-083.0254934",0.419059725477999,0.268900192948606,0.378523999012708,0.485052285376961,0.906510851419032,0.115321252059308,0.360049772051382
99,26163516900,26163516900,"+42.3446547,-083.0302450",0.471083649721706,0.367933855304492,0.0564923454798298,0.522811603980435,0.67779632721202,0.794069192751235,0.407398573602222
100,26163517000,26163517000,"+42.3408105,-083.0361037",0.293518280741619,0.48307314506227,0.0161036897014647,0.464644122111655,0.0667779632721202,0.42339373970346,0.307117024598746
101,26163517100,26163517100,"+42.3358287,-083.0330442",0.295034351740996,0.298615872813382,0.025344498558193,0.688311688311688,0.0784641068447412,0.301482701812191,0.377987242105779
102,26163517200,26163517200,"+42.3338393,-083.0390113",0.289448623810679,0.374886383569071,0.011088970628074,0.664424860853432,0.13355592654424,0.265238879736409,0.287496721532848
103,26163517300,26163517300,"+42.3456895,-083.0505419",0.472340926892515,0.362743378354675,0.0170247605516793,0.969155844155844,0.470784641068447,0.372322899505766,0.64201403771868
104,26163517500,26163517500,"+42.3541327,-083.0560746",0.447102325576472,0.317312752148746,0.0417070513090644,0.529663518299882,0.893155258764608,0.57331136738056,0.327464005555973
105,26163518000,26163518000,"+42.3624987,-083.0613713",0.282903168430916,0.14541308542361,0.0345853074149214,0.548321808062068,0.191986644407346,0.543657331136738,0.233454834140815
106,26163518400,26163518400,"+42.3698286,-083.0441079",0.395785068245158,0.270574540351772,0.538880628013798,0.260625737898465,0.903171953255426,0.0807248764415157,0.320732673509973
107,26163518500,26163518500,"+42.3732892,-083.0345719",0.384563135114966,0.225143914145844,0.258959370541385,0.650974025974026,0.674457429048414,0.194398682042834,0.303445388937291
108,26163518600,26163518600,"+42.3647264,-083.0294479",0.471335610467468,0.349938607261884,0.508130105772646,0.613994771462304,0.752921535893155,0.220757825370675,0.382270817044143
109,26163518800,26163518800,"+42.3597016,-083.0372366",0.447834777990668,0.379407121557621,0.549566253890471,0.384297520661157,0.8330550918197,0.196046128500824,0.344636551514234
110,26163518900,26163518900,"+42.3525953,-083.0435070",0.49218309679524,0.278109103666024,0.0472515366231014,0.891233766233766,0.626043405676127,0.385502471169687,0.724958297402736
111,26163520200,26163520200,"+42.3572141,-083.0699378",0.283819705616117,0.222488877549393,0.0583405072511754,0.657825940293473,0.0333889816360601,0.456342668863262,0.274531258103337
112,26163520300,26163520300,"+42.3497881,-083.0627334",0.306165521106083,0.425977898614278,0.00871104261608202,0.704292460785967,0.136894824707846,0.510708401976936,0.0504084979353857
113,26163520400,26163520400,"+42.3481561,-083.0675930",0.384317367083407,0.420452552183827,0.0621632522831119,0.972866419294991,0.153589315525877,0.499176276771005,0.197656386441634
114,26163520700,26163520700,"+42.3347168,-083.0554556",0.363653773311816,0.526661989124715,0,0.688311688311688,0.250417362270451,0.456342668863262,0.260188931300781
115,26163520800,26163520800,"+42.3254678,-083.0537969",0.284749696745783,0.414345170703704,0.0147852941707653,0.688311688311688,0.00500834724540902,0.154859967051071,0.431187712992062
116,26163521100,26163521100,"+42.3208768,-083.0808652",0.364935037100014,0.232064550078934,0.121430850455418,0.238805026142689,0.764607679465776,0.355848434925865,0.476853681531403
117,26163521300,26163521300,"+42.3341230,-083.0929489",0.253032004091681,0.343799333450272,0.169735899488896,0.206232079608703,0.130217028380634,0.247116968698517,0.421090714923063
118,26163521400,26163521400,"+42.3305838,-083.0730165",0.234711051341989,0.267672338186283,0.0546441837084841,0.514589306797099,0.123539232053422,0.130148270181219,0.317672977125428
119,26163521500,26163521500,"+42.3368603,-083.0763920",0.393112375838278,0.259691282231188,0.140165311147365,0.514589306797099,0.874791318864775,0.214168039538715,0.355268996450529
120,26163521800,26163521800,"+42.3461214,-083.0712523",0.546465497915357,0.377477635502543,0.0380107277663731,0.827900995108787,0.958263772954925,0.378912685337727,0.698227170821785
121,26163521900,26163521900,"+42.3503993,-083.0805337",0.470385886717704,0.382389054551833,0.0601886690225211,0.594598583234947,0.343906510851419,0.780889621087315,0.660342881558188
122,26163522000,26163522000,"+42.3435757,-083.0875891",0.400812010657798,0.3069636905806,0.11219004159869,0.362582222971833,0.639398998330551,0.57660626029654,0.407130850168574
123,26163522100,26163522100,"+42.3435090,-083.1014140",0.267941846962126,0.318628310822663,0.188217517202353,0.24966267498735,0.348914858096828,0.0757825370675453,0.426445183596017
124,26163522200,26163522200,"+42.3511187,-083.1065656",0.374399109652882,0.300780564813191,0.489660528201022,0.403841288581548,0.542570951585977,0.0807248764415157,0.42881644829404
125,26163522300,26163522300,"+42.3565382,-083.0965947",0.569254395837377,0.325995439396597,0.46933074871622,0.875168662506325,0.91652754590985,0.471169686985173,0.357334291510098
126,26163522400,26163522400,"+42.3609881,-083.0833636",0.454622052166271,0,0.387764807869437,0.741862034069826,0.764607679465776,0.505766062602965,0.327731728989621
127,26163522500,26163522500,"+42.3411363,-083.0606837",0.49505843435485,0.234520259603578,0.119835531662563,0.688311688311688,0.94991652754591,0.336079077429984,0.641687521575377
128,26163523100,26163523100,"+42.3259510,-083.1023821",0.434346760029431,0.511313804595685,0.206699134915809,0.494391971664699,0.579298831385643,0.28665568369028,0.52772113392447
129,26163523200,26163523200,"+42.3144563,-083.1042425",0.428483379913697,0.543238028416067,0.316252385453101,0.553740091077753,0.447412353923205,0.257001647446458,0.453255773165596
130,26163523300,26163523300,"+42.3172270,-083.0975239",0.469646787827924,0.432731099807051,0.279289150026187,0.536157024793388,0.607679465776294,0.538714991762768,0.423308994801858
131,26163523400,26163523400,"+42.3196503,-083.0910903",0.474277834213075,0.367654797403964,0.141760629940221,0.725396356889863,0.616026711185309,0.57660626029654,0.418222249562551
132,26163523800,26163523800,"+42.3078841,-083.1139929",0.452000487603107,0.569022978424838,0.321285164739241,0.275594535334795,0.404006677796327,0.762767710049423,0.379325859274018
133,26163524000,26163524000,"+42.3169861,-083.1199144",0.486064884258013,0.502104893878267,0.414204959334421,0.338906223646483,0.462437395659432,0.652388797364086,0.546347035665391
134,26163524100,26163524100,"+42.3113650,-083.1373320",0.631796539859033,0.680757761796176,0.835019956535088,0.335785967279474,0.707846410684474,0.701812191103789,0.529556951755198
135,26163524200,26163524200,"+42.3070018,-083.1291089",0.488090841262519,0.459743904578144,0.718074058912414,0.298448304941811,0.392320534223706,0.883031301482702,0.176926943436339
136,26163524300,26163524300,"+42.3001177,-083.1320379",0.554370931190857,0.799245746360288,0.777215235595475,0.239880249620509,0.557595993322204,0.548599670510708,0.403688691735961
137,26163524500,26163524500,"+42.2868892,-083.1512103",0.411529445793697,0.904665848096825,0.725978412025694,0.0119117895091921,0.507512520868113,0.0115321252059308,0.307575979056428
138,26163524700,26163524700,"+42.2739530,-083.1526152",0.504377649820815,0.891334853534468,0.615654592411099,0,0.539232053422371,0.762767710049423,0.217276689507531
139,26163524800,26163524800,"+42.2630997,-083.1615912",0.639832497060539,0.939221189265041,0.742611867967805,0.5,0.869782971619366,0.619439868204283,0.167939085306736
140,26163524900,26163524900,"+42.2904837,-083.1246926",0.592097383209476,0.771762529699734,0.731522897339731,0.51948051948052,0.754590984974958,0.405271828665568,0.369955539096347
141,26163525000,26163525000,"+42.3036532,-083.0973176",0.587769156936501,0.765579403932325,0.307011576596372,0.594155844155844,0.94991652754591,0.395387149917628,0.514564439470925
142,26163525400,26163525400,"+42.3391838,-083.1140246",0.66200238632857,0.571478687949483,0.448754146323844,0.862181649519312,0.732888146911519,0.537067545304778,0.819644141962486
143,26163525500,26163525500,"+42.3340140,-083.1093553",0.466581741697691,0.410015786704087,0.439513337467115,0.871921909259572,0.390651085141903,0.214168039538715,0.473220292074755
144,26163525600,26163525600,"+42.3282644,-083.1115806",0.420751659154598,0.393439747412735,0.318100547224446,0.774329566537359,0.315525876460768,0.194398682042834,0.528715535249448
145,26163525700,26163525700,"+42.3267956,-083.1262619",0.519102668147489,0.387914400982284,0.432174871019981,0.851113172541744,0.651085141903172,0.364085667215815,0.428242755221938
146,26163525800,26163525800,"+42.3332194,-083.1284291",0.517248146956843,0.365199087879319,0.476530753532277,0.933905380333952,0.601001669449082,0.342668863261944,0.384183127284484
147,26163526000,26163526000,"+42.3259356,-083.1429717",0.67321513286177,0.772846868970356,0.742100161939908,0.857142857142857,0.340567612687813,0.785831960461285,0.540801335968402
148,26163526100,26163526100,"+42.3334778,-083.1520873",0.670984770841514,0.771619014208034,0.87038185309823,0.946428571428571,0.415692821368948,0.57331136738056,0.448474997564744
149,26163526200,26163526200,"+42.3372007,-083.1452619",0.57760827701433,0.495351692685494,0.793848691537586,0.962662337662337,0.48914858096828,0.367380560131796,0.357257799100484
150,26163526300,26163526300,"+42.3390784,-083.1384863",0.631482172882576,0.451148921241887,0.698821872121654,0.905696576151121,0.908180300500835,0.329489291598023,0.495556075681937
151,26163526400,26163526400,"+42.3405358,-083.1309829",0.484685043119416,0.562269777232065,0.655236558686661,0.514589306797099,0.572621035058431,0.100494233937397,0.502899347004846
152,26163526500,26163526500,"+42.3481772,-083.1404328",0.617230166315794,0.791264690405192,0.928704300136656,0.464644122111655,0.575959933222037,0.57331136738056,0.369496584638666
153,26163527200,26163527200,"+42.3515946,-083.1186144",0.461208755487423,0.742764427293457,0.609110775324933,0.688311688311688,0.155258764607679,0.301482701812191,0.270324175574587
154,26163527300,26163527300,"+42.3457181,-083.1184380",0.473507072151602,0.518768637081214,0.65240110528502,0.688311688311688,0.432387312186978,0.130148270181219,0.419025419863495
155,26163530100,26163530100,"+42.4096746,-083.1216653",0.624816950516385,0.649447465356955,0.45301635653268,0.935064935064935,0.771285475792988,0.614497528830313,0.325589941520439
156,26163530200,26163530200,"+42.4111231,-083.1341948",0.563767337725972,0.595421855814769,0.376730017879611,0.81023359757126,0.442404006677796,0.785831960461285,0.371982587951109
157,26163530300,26163530300,"+42.4008029,-083.1306653",0.526284248989138,0.375723557270654,0.776372425667174,0.573220610558273,0.404006677796327,0.517298187808896,0.511084034833505
158,26163530400,26163530400,"+42.3909517,-083.1361282",0.487852395227002,0.414927205753377,0.73361788201865,0.573220610558273,0.580968280467446,0.248764415156507,0.375615977407756
159,26163530500,26163530500,"+42.3844331,-083.1340130",0.465646650390842,0.463427468865111,0.564676631890724,0.573220610558273,0.181969949916528,0.70840197693575,0.302183264178666
160,26163530800,26163530800,"+42.3716662,-083.1339332",0.554019316241585,0.449307139098404,0.743888123002089,0.464644122111655,0.664440734557596,0.471169686985173,0.530666091694595
161,26163530900,26163530900,"+42.3753050,-083.1262756",0.495660181310649,0.522364497456587,0.494958190607485,0.688311688311688,0.590984974958264,0.265238879736409,0.41210285679346
162,26163531100,26163531100,"+42.3748819,-083.1152689",0.493901343713233,0.517453078407297,0.624154932545105,0.219261258222297,0.614357262103506,0.537067545304778,0.451113985696415
163,26163531200,26163531200,"+42.3788297,-083.1020097",0.363998505109692,0.551219084371163,0.149026855536358,0.453090740428403,0.524207011686144,0.413509060955519,0.092938277680567
164,26163531300,26163531300,"+42.3833022,-083.1097921",0.554656224139123,0.521136642694264,0.390949425384231,0.952922077922078,0.819699499165276,0.311367380560132,0.331862319108757
165,26163531400,26163531400,"+42.3803842,-083.1189728",0.513776209666461,0.440098228380986,0.472780249351337,0.442928824422331,0.859766277128548,0.509060955518946,0.35802272319662
166,26163531500,26163531500,"+42.3870970,-083.1235622",0.520939204759778,0.470794597439046,0.650697425215669,0.403841288581548,0.373956594323873,0.914332784184514,0.312012538814019
167,26163531600,26163531600,"+42.3941530,-083.1282997",0.508992703329184,0.479389580775303,0.548043175948613,0.442928824422331,0.871452420701169,0.395387149917628,0.316755068210064
168,26163531700,26163531700,"+42.3980117,-083.1171527",0.646329353534696,0.451762848623049,0.609791043338491,0.878415415753078,0.657762938230384,0.897858319604613,0.382385555658563
169,26163531800,26163531800,"+42.3903871,-083.1146956",0.619929333614015,0.500263111734783,0.676559649872676,0.865428402766065,0.67779632721202,0.662273476112026,0.337255033986518
170,26163531900,26163531900,"+42.3902385,-083.1062989",0.453668066848698,0.3480968251184,0.610958937096279,0.936688311688312,0.409015025041736,0.100494233937397,0.316755068210064
171,26163532200,26163532200,"+42.3884007,-083.0939521",0.423029264395258,0.37563585335906,0.294074444196953,0.48258559622196,0.742904841402337,0.406919275123558,0.236055576067679
172,26163532300,26163532300,"+42.3840376,-083.0891148",0.189607274975785,0.330819154534292,0.123026169248274,0.373545285882948,0.13355592654424,0.0658978583196046,0.110799255325351
173,26163532400,26163532400,"+42.3784502,-083.0840723",0.354470442150716,0.26328714260656,0.350289866414626,0.360958846348457,0.736227045075125,0.296540362438221,0.119519390021305
174,26163532600,26163532600,"+42.3689514,-083.0885598",0.347400415780174,0.342483774776355,0.147305115254258,0.467827626918536,0.565943238731219,0.462932454695222,0.0979102843054533
175,26163532700,26163532700,"+42.3752477,-083.0927712",0.344118029317234,0.316172601298018,0.568451216355329,0.376117389104402,0.542570951585977,0.100494233937397,0.160901783622282
176,26163533000,26163533000,"+42.3655279,-083.0976664",0.458771108454932,0.433958954569374,0.413639072668276,0.617452352841963,0.776293823038397,0.444810543657331,0.0664719039542491
177,26163533100,26163533100,"+42.3718956,-083.1019312",0.427546184390852,0.532187335555166,0.27374466471215,0.549586776859504,0.631051752921536,0.464579901153213,0.114126675143544
178,26163533200,26163533200,"+42.3687113,-083.1111289",0.415449729062548,0.534643045079811,0.590629157611477,0.464644122111655,0.37228714524207,0.364085667215815,0.166409237114464
179,26163533300,26163533300,"+42.3621943,-083.1067231",0.503024616719419,0.494123837923171,0.605011107030841,0.464644122111655,0.607679465776294,0.635914332784185,0.210774834690372
180,26163533400,26163533400,"+42.3633711,-083.1191094",0.618849645111406,0.538940536747939,0.63088537182968,0.362582222971833,0.868113522537563,0.906095551894563,0.406480664686858
181,26163533500,26163533500,"+42.3624806,-083.1312395",0.450231342850186,0.484300999824592,0.639349591538188,0.464644122111655,0.585976627712855,0.202635914332784,0.324480801581041
182,26163533600,26163533600,"+42.3563635,-083.1217128",0.498017500241889,0.658656376074373,0.612807098867625,0.688311688311688,0.250417362270451,0.542009884678748,0.235902591248451
183,26163533700,26163533700,"+42.3569040,-083.1335477",0.509094738859302,0.490440273636204,0.501839131664971,0.573220610558273,0.707846410684474,0.311367380560132,0.469854626051755
184,26163533900,26163533900,"+42.3685171,-083.0774349",0.357005923651649,0.157691633046834,0.0724696136920493,0.839285714285714,0.385642737896494,0.532125205930807,0.154820637057998
185,26163534100,26163534100,"+42.3750600,-083.1423228",0.542047593547602,0.359115625647813,0.738915544425113,0.464644122111655,0.931552587646077,0.406919275123558,0.351138406331393
186,26163534200,26163534200,"+42.3798594,-083.1559200",0.596614235971584,0.640852482020698,0.762941647452607,0.664424860853432,0.425709515859766,0.762767710049423,0.322989199593575
187,26163534300,26163534300,"+42.3749313,-083.1627851",0.583436879524928,0.705314857042624,0.771670750281438,0.514589306797099,0.574290484140234,0.627677100494234,0.307078778393939
188,26163534400,26163534400,"+42.3693259,-083.1588593",0.642351136301856,0.558586212945097,0.833171794763742,0.688311688311688,0.898163606010017,0.527182866556837,0.348690649223757
189,26163534500,26163534500,"+42.3652492,-083.1451954",0.569878612259658,0.533415190317488,0.968436768185129,0.573220610558273,0.469115191986644,0.314662273476112,0.560421639034299
190,26163534600,26163534600,"+42.3555106,-083.1437193",0.505626120821705,0.523592352218909,0.827874132357279,0.688311688311688,0.375626043405676,0.301482701812191,0.316869806824484
191,26163534700,26163534700,"+42.3591263,-083.1538569",0.524149502806997,0.584371162953868,0.797545015080278,0.514589306797099,0.429048414023372,0.459637561779242,0.35970555620812
192,26163535000,26163535000,"+42.3603948,-083.1762139",0.636348848493238,0.849587791615506,0.892559794354378,0.464644122111655,0.562604340567613,0.630971993410214,0.417725048900063
193,26163535100,26163535100,"+42.3694786,-083.1753696",0.612322427498861,0.593580073671286,0.931371191552637,0.688311688311688,0.567612687813022,0.446457990115321,0.44660093352921
194,26163535200,26163535200,"+42.3783005,-083.1753987",0.579280388202985,0.526048061743554,0.66185863669474,0.362582222971833,0.580968280467446,0.873146622734761,0.471078504605573
195,26163535300,26163535300,"+42.3727250,-083.1899689",0.533520715441715,0.43211717242589,0.646561636496078,0.277892561983471,0.569282136894825,0.742998352553542,0.532272432296482
196,26163535400,26163535400,"+42.3619120,-083.1897249",0.574515870914691,0.586826872478513,0.797545015080278,0.349553044358239,0.604340567612688,0.614497528830313,0.494332197128118
197,26163535500,26163535500,"+42.3546687,-083.1894514",0.507856865992618,0.857568847570602,0.658162313152049,0.236633496373756,0.193656093489149,0.756177924217463,0.344942521152689
198,26163535600,26163535600,"+42.3551099,-083.1675599",0.522534252773599,0.829942115418348,0.587167616834526,0.403841288581548,0.0968280467445743,0.887973640856672,0.329452808205927
199,26163535700,26163535700,"+42.3624512,-083.1629391",0.427157700031147,0.472022452201368,0.711759004521073,0.206232079608703,0.310517529215359,0.441515650741351,0.420899483899029
200,26163536100,26163536100,"+42.4134413,-083.1504213",0.607512070802876,0.748289773723908,0.533257881777847,0.75522853769607,0.579298831385643,0.805601317957166,0.223396082276622
201,26163536200,26163536200,"+42.4127063,-083.1641142",0.41794757773761,0.503946676021751,0.441415679876709,0.642709563164109,0.263772954924875,0.459637561779242,0.196203030658975
202,26163536300,26163536300,"+42.4061973,-083.1501123",0.495673625836086,0.604016839151026,0.759480106675657,0.642709563164109,0.176961602671119,0.451400329489292,0.339473313865314
203,26163536400,26163536400,"+42.3989571,-083.1498100",0.584979321653844,0.62611822487283,0.652051941171867,0.664424860853432,0.414023372287145,0.782537067545305,0.370720463192484
204,26163536500,26163536500,"+42.3884460,-083.1445271",0.48353668314848,0.411857568847571,0.538031798014581,0.514589306797099,0.35559265442404,0.663920922570016,0.417227848237574
205,26163536600,26163536600,"+42.3899155,-083.1588972",0.502639792196889,0.424973290172378,0.550968930414,0.514589306797099,0.557595993322204,0.532125205930807,0.435586026544847
206,26163536700,26163536700,"+42.3987581,-083.1643604",0.543719217674996,0.634713208209086,0.750251337960761,0.688311688311688,0.632721202003339,0.169686985172982,0.38663088439212
207,26163536800,26163536800,"+42.4064903,-083.1658850",0.475769897868162,0.57025083318716,0.519550180301124,0.514589306797099,0.467445742904841,0.505766062602965,0.27701726141578
208,26163536900,26163536900,"+42.4129308,-083.1776478",0.551188394153876,0.41676898789686,0.640451264515896,0.573220610558273,0.54424040066778,0.891268533772652,0.241180567511792
209,26163537000,26163537000,"+42.4057432,-083.1771291",0.555041509492004,0.433958954569374,0.549120768642655,0.514589306797099,0.772954924874791,0.779242174629324,0.28038292743878
210,26163537100,26163537100,"+42.3979765,-083.1765031",0.539290985676517,0.526661989124715,0.873397908627364,0.323494687131051,0.666110183639399,0.439868204283361,0.406212941253211
211,26163537200,26163537200,"+42.3881477,-083.1758564",0.446143055712012,0.154709700052622,0.881458783584471,0.219261258222297,0.814691151919866,0.0658978583196046,0.540839582173209
212,26163537300,26163537300,"+42.3848282,-083.1918279",0.59194581268478,0.46722265631229,0.894407956125723,0.24966267498735,0.876460767946578,0.654036243822076,0.409884576914665
213,26163537500,26163537500,"+42.4053507,-083.1917756",0.509885212650473,0.565339414137871,0.570787003870906,0.588547815820543,0.380634390651085,0.5667215815486,0.387281069873836
214,26163537600,26163537600,"+42.4126361,-083.1920649",0.614388446045099,0.587440799859674,0.56893884209956,0.839454376792039,0.552587646076795,0.841845140032949,0.296063871409576
215,26163537700,26163537700,"+42.3980970,-083.1914647",0.64836262876584,0.678302052271531,0.729163029540488,0.269206442907742,1,0.897858319604613,0.315645928270666
216,26163537800,26163537800,"+42.3918919,-083.1877019",0.553431661595814,0.615681459393089,0.798056721108175,0.269206442907742,0.906510851419032,0.364085667215815,0.367048827531029
217,26163538100,26163538100,"+42.4413341,-083.1269354",0.329010825698884,0.801701455884933,0.172926537074607,0.529220779220779,0.0734557595993322,0.172981878088962,0.22377854432469
218,26163538200,26163538200,"+42.4349753,-083.1300384",0.319544556628485,0.795562182073321,0.166725864030678,0.558441558441558,0,0.154859967051071,0.241677768174281
219,26163538300,26163538300,"+42.4269590,-083.1237435",0.511902596745976,0.686283108226627,0.23773862056095,0.683441558441558,0.619365609348915,0.438220757825371,0.406365926072438
220,26163538400,26163538400,"+42.4244427,-083.1362309",0.331521234976731,0.639624627258376,0.187055643515481,0.704714117051779,0.0834724540901502,0.100494233937397,0.273766334007201
221,26163538500,26163538500,"+42.4206842,-083.1507627",0.55932270022743,0.707770566567269,0.326829650053278,0.614880249620509,0.32220367278798,0.887973640856672,0.496278421478871
222,26163538600,26163538600,"+42.4278669,-083.1510894",0.49312578546648,0.75442904753552,0.248954012678269,0.699843987181649,0.337228714524207,0.907742998352554,0.0105559525266817
223,26163538700,26163538700,"+42.4240331,-083.1655643",0.568022941822047,0.666637432029469,0.354552076623463,0.756662168999831,0.590984974958264,0.792421746293246,0.246879252028008
224,26163538800,26163538800,"+42.4350112,-083.1659258",0.381164014420113,0.676460270128048,0.256346659763652,0.587662337662338,0.303839732888147,0.314662273476112,0.148012812602384
225,26163538900,26163538900,"+42.4350607,-083.1513465",0.442434360756393,0.618751096298895,0.213712517533457,0.577922077922078,0.257095158597663,0.831960461285008,0.155164852901259
226,26163539000,26163539000,"+42.4423439,-083.1516011",0.378059849806892,0.671548851078758,0.332885841395212,0.425493337831,0.151919866444073,0.634266886326194,0.0522443157661129
227,26163539100,26163539100,"+42.4421933,-083.1662919",0.404401704048278,0.389756183125767,0.437153469667873,0.301695058188565,0.595993322203673,0.701812191103789,0
228,26163539200,26163539200,"+42.4418860,-083.1852528",0.546982276592339,0.557358358182775,0.398907959135759,0.571428571428571,0.612687813021703,1,0.141510957785225
229,26163539300,26163539300,"+42.4348464,-083.1809086",0.371159824246384,0.450534993860726,0.356147395416318,0.539129701467364,0.297161936560935,0.57495881383855,0.00902610433440897
230,26163539400,26163539400,"+42.4258579,-083.1758620",0.589217284531303,0.532801262936327,0.45804913581882,0.860853432282003,0.585976627712855,0.85667215815486,0.240951090282951
231,26163539500,26163539500,"+42.4198239,-083.1873321",0.486489952047103,0.461585686721628,0.450277224265702,0.673448304941811,0.363939899833055,0.525535420098847,0.444153176421574
232,26163539600,26163539600,"+42.4267839,-083.1911640",0.520395862114341,0.435800736712857,0.557849871471486,0.785566706021251,0.220367278797997,0.5667215815486,0.556068998133858
233,26163539700,26163539700,"+42.4346911,-083.1956884",0.365808352206253,0.365813015260481,0.615142886383202,0.492051779389442,0.398998330550918,0.313014827018122,0.00982927463535214
234,26163540100,26163540100,"+42.4409076,-083.2102951",0.568295940148507,0.581915453429223,0.753189132567982,0.566558441558442,0.564273789649416,0.726523887973641,0.217314935712338
235,26163540200,26163540200,"+42.4338414,-083.2097474",0.64129290228038,0.386686546219961,0.922130382695908,0.417186709394502,0.91652754590985,0.706754530477759,0.498471698984297
236,26163540300,26163540300,"+42.4266089,-083.2094015",0.530899782987146,0.472636379582529,0.711759004521073,0.318751054140665,0.417362270450751,0.887973640856672,0.376916348371188
237,26163540400,26163540400,"+42.4193657,-083.2091493",0.548110897481147,0.564111559375548,0.646561636496078,0.402260077584753,0.651085141903172,0.612850082372323,0.411796887155006
238,26163540500,26163540500,"+42.4237296,-083.2251159",0.576771393132669,0.528503771268199,0.604053915755128,0.537506324843987,0.632721202003339,0.802306425041186,0.355536719884177
239,26163540600,26163540600,"+42.4224753,-083.2339950",0.435278716036036,0.694878091562884,0.48736688118186,0.587514757969303,0.125208681135225,0.42339373970346,0.293310144663485
240,26163540700,26163540700,"+42.4334044,-083.2292261",0.441830465917444,0.527275916505876,0.539368253758029,0.230962219598583,0.243739565943239,0.771004942339374,0.338631897359564
241,26163540800,26163540800,"+42.4405745,-083.2295474",0.442365628199737,0.6930363094194,0.468885263468404,0.359124641592174,0.345575959933222,0.355848434925865,0.431723159859358
242,26163540900,26163540900,"+42.4401121,-083.2489699",0.453375118725389,0.704087002280302,0.34862832684169,0.321049080789341,0.387312186978297,0.637561779242175,0.32161233622053
243,26163541000,26163541000,"+42.4329511,-083.2487283",0.55482447280828,0.530959480792843,0.450656488733437,0.566410861865407,0.762938230383973,0.761120263591433,0.256861511482588
244,26163541100,26163541100,"+42.4222559,-083.2439581",0.640895420418378,0.614453604630767,0.766884793902872,0.58913813459268,0.871452420701169,0.736408566721582,0.267035001961201
245,26163541200,26163541200,"+42.4220120,-083.2537031",0.490474362919818,0.548763374846518,0.411592248556688,0.417566200033733,0.642737896494157,0.591433278418451,0.330753179169359
246,26163541300,26163541300,"+42.4215788,-083.2821395",0.488721087222638,0.561655849850903,0.473346136017482,0.688290605498398,0.373956594323873,0.688632619439868,0.146444718205305
247,26163541400,26163541400,"+42.4244065,-083.2688858",0.47170658378475,0.694264164181722,0.383869821986503,0.566727104064766,0.295492487479132,0.535420098846787,0.354465826149586
248,26163541500,26163541500,"+42.4362189,-083.2633513",0.525397308942381,0.804771092790739,0.350602910102281,0.452900995108787,0.307178631051753,0.864909390444811,0.372020834155916
249,26163541700,26163541700,"+42.4361333,-083.2731759",0.644208764642956,0.956411155937555,0.391515312050376,0.483745150952943,0.94991652754591,0.658978583196046,0.424685858174904
250,26163541800,26163541800,"+42.4356241,-083.2828630",0.517545265231808,0.871075249956148,0.357995557187664,0.604254511722044,0.435726210350584,0.487644151565074,0.348575910609336
251,26163542100,26163542100,"+42.4121468,-083.2090072",0.580973361772742,0.477547798631819,0.601952911005292,0.560634171023781,0.6110183639399,0.894563426688633,0.34012349934703
252,26163542200,26163542200,"+42.4049237,-083.2086673",0.624949736635353,0.59051043676548,0.711759004521073,0.653841288581548,0.552587646076795,0.785831960461285,0.455168083405937
253,26163542300,26163542300,"+42.3984056,-083.2054071",0.648912314237342,0.619365023680056,0.711759004521073,0.704165963906224,0.757929883138564,0.785831960461285,0.314422049716848
254,26163542400,26163542400,"+42.3908903,-083.2036174",0.50832464216081,0.43702859147518,0.797545015080278,0.293093270365998,0.514190317195325,0.703459637561779,0.304631021286303
255,26163542500,26163542500,"+42.3927935,-083.2132702",0.492713090302558,0.565953341519032,0.601952911005292,0.349553044358239,0.445742904841402,0.668863261943987,0.324213078147394
256,26163542600,26163542600,"+42.3829687,-083.2077387",0.488812941788415,0.489937969415254,0.61144656284051,0.293093270365998,0.340567612687813,0.836902800658979,0.360929434761938
257,26163542700,26163542700,"+42.3824612,-083.2268100",0.518961826442159,0.645763901069988,0.707496794312237,0.514589306797099,0.390651085141903,0.247116968698517,0.608152902633208
258,26163542800,26163542800,"+42.3901406,-083.2243491",0.415749549578965,0.60585862129451,0.464936096947222,0.464644122111655,0.0434056761268781,0.462932454695222,0.452720326298301
259,26163542900,26163542900,"+42.3988392,-083.2260719",0.416666258976467,0.41676898789686,0.511140141230864,0.759719176926969,0.0584307178631052,0.413509060955519,0.340429468985484
260,26163543000,26163543000,"+42.4068106,-083.2257349",0.380758078010303,0.420452552183827,0.471672556302713,0.846243042671614,0.0166944908180301,0.0691927512355848,0.460293074850051
261,26163543100,26163543100,"+42.4126595,-083.2284219",0.344666513061512,0.520522715313103,0.475368879845405,0.492452352841963,0.0684474123539232,0.115321252059308,0.39588646595537
262,26163543200,26163543200,"+42.4112995,-083.2475927",0.454786981996621,0.540782318891423,0.426251121238208,0.706337493675156,0.250417362270451,0.509060955518946,0.295872640385542
263,26163543400,26163543400,"+42.4015679,-083.2374736",0.562412650365009,0.598491492720575,0.489088621463961,0.904220779220779,0.470784641068447,0.630971993410214,0.280918374306076
264,26163543500,26163543500,"+42.4040427,-083.2498756",0.608384731838839,0.678302052271531,0.748403176189416,0.883116883116883,0.669449081803005,0.378912685337727,0.292124512314473
265,26163543600,26163543600,"+42.3968066,-083.2510232",0.667523536142044,0.722504823715138,0.739150327190854,0.972402597402597,0.796327212020033,0.354200988467875,0.420555268055767
266,26163543700,26163543700,"+42.3894635,-083.2386147",0.736670704536824,0.659270303455534,0.731769720247305,1,0.81636060100167,0.359143327841845,0.853480274674589
267,26163543800,26163543800,"+42.3894072,-083.2540332",0.52926595581761,0.481319066830381,0.576277308546695,0.688311688311688,0.742904841402337,0.261943986820428,0.424838842994131
268,26163543900,26163543900,"+42.3819469,-083.2493385",0.549566609219156,0.492369759691282,0.670768341651065,0.688311688311688,0.49415692821369,0.395387149917628,0.556405787529584
269,26163544000,26163544000,"+42.3823964,-083.2671854",0.49656329335185,0.538438232526989,0.319437002967895,0.688311688311688,0.452420701168614,0.565074135090609,0.415698000045301
270,26163544100,26163544100,"+42.3929346,-083.2685039",0.507610820024913,0.52269936693722,0.479661190408823,0.991883116883117,0.310517529215359,0.329489291598023,0.411414425106938
271,26163544200,26163544200,"+42.4073688,-083.2619700",0.552716597558255,0.727416242764427,0.635418485229756,0.554140664530275,0.509181969949916,0.705107084019769,0.185035138855384
272,26163544300,26163544300,"+42.4086903,-083.2749743",0.638156848849203,0.645763901069988,0.531409720006502,0.913961038961039,0.651085141903172,0.833607907742998,0.253113383411519
273,26163545100,26163545100,"+42.3757244,-083.2071726",0.482116422325689,0.308414791663345,0.879622661954958,0.349553044358239,0.707846410684474,0.166392092257002,0.480869533036119
274,26163545200,26163545200,"+42.3688227,-083.2069235",0.553693645911068,0.528503771268199,0.695125548578962,0.269206442907742,0.792988313856427,0.627677100494234,0.408660698360847
275,26163545300,26163545300,"+42.3616038,-083.2068681",0.59710051320997,0.644536046307665,0.734707514854525,0.620572609208973,0.626043405676127,0.471169686985173,0.485573816227357
276,26163545400,26163545400,"+42.3543681,-083.2066365",0.616062419836913,0.59051043676548,0.670021852857427,0.481805532130207,0.756260434056761,0.309719934102142,0.888056329109459
277,26163545500,26163545500,"+42.3471339,-083.2064028",0.599062972401187,0.757498684441326,0.650450602308095,0.438480350818013,0.672787979966611,0.871499176276771,0.203661040596304
278,26163545600,26163545600,"+42.3399009,-083.2060508",0.529252519838166,0.778986142781968,0.464875896238058,0.385372744138978,0.457429048414023,0.892915980230642,0.195935307225327
279,26163545700,26163545700,"+42.3328249,-083.2242628",0.376747406054007,0.761182248728293,0.325493194309829,0.190377804014168,0.285475792988314,0.639209225700165,0.0587461705832719
280,26163545800,26163545800,"+42.3396092,-083.2268502",0.570660637513594,0.885809507104017,0.433457146125181,0.589285714285714,0.614357262103506,0.822075782537068,0.0789784129260785
281,26163545900,26163545900,"+42.3468695,-083.2259311",0.473547184149836,0.687510962988949,0.373545400364816,0.659090909090909,0.202003338898164,0.771004942339374,0.148127551216805
282,26163546000,26163546000,"+42.3540965,-083.2261440",0.573480474753042,0.639624627258376,0.579973632089386,0.567802327542587,0.424040066777963,0.935749588138385,0.293692606711553
283,26163546100,26163546100,"+42.3508568,-083.2405854",0.586038759232193,0.930012278547623,0.518984293634979,0.305764041153652,0.654424040066778,0.887973640856672,0.219074261133452
284,26163546200,26163546200,"+42.3464216,-083.2528230",0.487237167847136,0.710896015053181,0.295410899940401,0.592532467532467,0.497495826377296,0.492586490939045,0.334501307240427
285,26163546300,26163546300,"+42.3664397,-083.2586109",0.472069448282708,0.809068584458867,0.25067575296037,0.896103896103896,0.111853088480801,0.232289950576606,0.532425417115709
286,26163546400,26163546400,"+42.3754399,-083.2413545",0.493784323569635,0.666637432029469,0.412356797563075,0.688311688311688,0.268781302170284,0.500823723228995,0.425794998114301
287,26163546500,26163546500,"+42.3682497,-083.2411333",0.482086884548431,0.581301526048062,0.345311267766734,0.615828976218587,0.452420701168614,0.474464579901153,0.423194256187438
288,26163546600,26163546600,"+42.3610566,-083.2415451",0.498665764542283,0.505788458165234,0.395723341620964,0.481404958677686,0.569282136894825,0.724876441515651,0.314919250379337
289,26163546700,26163546700,"+42.3613063,-083.2262460",0.45581686418411,0.526048061743554,0.393110630843231,0.542650531286895,0.20534223706177,0.56836902800659,0.499380696162618
290,26163546800,26163546800,"+42.3697567,-083.2297901",0.591745335909597,0.627346079635152,0.486283268416902,0.808420475628268,0.242070116861436,0.927512355848435,0.458839719067392
291,26163546900,26163546900,"+42.3739170,-083.2228469",0.479625981664294,0.654972811787406,0.495012371245733,0.514589306797099,0.263772954924875,0.365733113673806,0.583675331556845
292,26163550100,26163550100,"+42.3681537,-082.9237513",0.31691435958922,0.828100333274864,0.245275749348327,0.0666638556248946,0.0450751252086811,0.253706754530478,0.462664339548074
293,26163551600,26163551600,"+42.4340457,-082.9401024",0.365804603573772,0.488598491492721,0.433770189812836,0.0319615449485579,0.290484140233723,0.626029654036244,0.323983600918553
294,26163552800,26163552800,"+42.3879631,-083.0514612",0.63002238445548,0.644536046307665,0.370619645899429,0.603896103896104,0.717863105175292,0.759472817133443,0.683746588320946
295,26163553300,26163553300,"+42.3971272,-083.1054361",0.555999547208951,0.557972285563936,0.334734003166557,0.930194805194805,0.94991652754591,0.0906095551894563,0.472570106593039
296,26163553600,26163553600,"+42.4008134,-083.0848809",0.385596468483511,0.604630766532187,0.265840311598871,0.283353010625738,0.297161936560935,0.477759472817133,0.3848333127662
297,26163555400,26163555400,"+42.3676767,-083.2707820",0.477586482484473,0.683827398701982,0.22282690490094,0.860242030696576,0.0834724540901502,0.495881383855025,0.519268722662164
298,26163573500,26163573500,"+42.3143412,-083.1525188",0.589471007322797,0.842722967262522,0.593476651154951,0.338020745488278,0.56093489148581,0.734761120263591,0.46690966828163
299,26163573600,26163573600,"+42.3391406,-083.1605742",0.700866686249186,0.804771092790739,0.624895401267827,0.683062067802328,0.242070116861436,0.942339373970346,0.908062064802438
300,26163577000,26163577000,"+42.2522226,-083.1670939",0.533133015882446,0.626732152253991,0.516937469523391,0.33601787822567,0.313856427378965,0.759472817133443,0.645781350779214
301,26163577100,26163577100,"+42.2577829,-083.1756791",0.490711808441188,0.698561655849851,0.424529380956108,0.506493506493507,0.352253756260434,0.663920922570016,0.298511628517212
302,26163578600,26163578600,"+42.2757597,-083.1776386",0.467372297850428,1,0.307968767872086,0.397895935233598,0.242070116861436,0.553542009884679,0.302756957250769
303,26163579900,26163579900,"+42.3201738,-083.2373533",0.38157974877116,0.806110570713272,0.129762628603765,0.525974025974026,0.0283806343906511,0.42998352553542,0.369267107409825
304,26163985000,26163985000,"+42.3453308,-083.1280797",0.381469954335313,0.313629187861779,0.406812312249038,0.688311688311688,0.245409015025042,0,0.634657522564333
305,26163985100,26163985100,"+42.3777226,-083.0564328",0.263815651041041,0.39215209452887,0.156545924110986,0.618506493506493,0.0717863105175292,0.0181219110378913,0.325781172544473
306,26163985200,26163985200,"+42.3785776,-082.9715216",0.504538275879689,0.775916505876162,0.510309371444396,0.836038961038961,0.245409015025042,0,0.659555801893571
307,26163985300,26163985300,"+42.3203926,-083.0701382",0.256934968270075,0.275107237964631,0.036433469186267,0.688311688311688,0.00834724540901502,0.0164744645799012,0.516935704168948
308,26163985500,26163985500,"+42.3418558,-082.9781710",0.472680087036165,0.681371689177337,0.319948708995792,0.928571428571428,0.245409015025042,0,0.660779680447389
309,26163985700,26163985700,"+42.3018740,-083.1653012",0.421274617864213,0.939946739806414,0.469649812474791,0.537337662337662,0.245409015025042,0,0.335304477541371
310,26163985900,26163985900,"+42.3662243,-083.0526570",0.331970566268525,0.517453078407297,0.225692458657163,0.673701298701299,0.245409015025042,0,0.329567546820348
