row#,Name,FIPS,Source,ToxPi Score,ClimateChange.Health,ClimateChange.SocialEconomic,ClimateChange.ExtremeEvents
1,26163500100,26163500100,"+42.4444014,-082.9509210",0.367647599989559,0.684411980828919,0.417826842980918,0.000703976158841428
2,26163500200,26163500200,"+42.4461071,-082.9633178",0.26329563393291,0.443078998453591,0.346807903345139,0
3,26163500300,26163500300,"+42.4388723,-082.9656436",0.346265016709499,0.554974281358646,0.347953370113458,0.135867398656393
4,26163500400,26163500400,"+42.4261558,-082.9793388",0.322072025647887,0.570334177826035,0.224815692519163,0.171066206598463
5,26163500500,26163500500,"+42.4241342,-082.9679434",0.309137395340626,0.516149551980171,0.277507163861838,0.133755470179868
6,26163500600,26163500600,"+42.4315247,-082.9651767",0.266713888021471,0.138047138047138,0.408663108834365,0.253431417182908
7,26163500700,26163500700,"+42.4295995,-082.9473259",0.409386864668081,0.664610272102129,0.451618112646329,0.111932209255785
8,26163500800,26163500800,"+42.4246567,-082.9351961",0.411587096229091,0.86356507529146,0.323325834594599,0.047870378801216
9,26163500900,26163500900,"+42.4223549,-082.9475917",0.32840643236326,0.462189758606697,0.419545043133396,0.103484495349688
10,26163501000,26163501000,"+42.4187276,-082.9515638",0.298262564861816,0.471007578499435,0.361126237949126,0.0626538781368857
11,26163501100,26163501100,"+42.4128315,-082.9601612",0.314612172309234,0.41513945097007,0.413244975907642,0.115452090049992
12,26163501200,26163501200,"+42.4114379,-082.9513090",0.203695280718696,0.361952861952862,0.247725027885544,0.00140795231768284
13,26163501300,26163501300,"+42.4033690,-082.9505462",0.30376163474395,0.420294146678511,0.376242643662189,0.11474811389115
14,26163501400,26163501400,"+42.4091561,-082.9385202",0.490699003484782,0.887463121990809,0.457918179872083,0.126715708591454
15,26163501500,26163501500,"+42.4183457,-082.9264931",0.480108082411643,0.804872832560129,0.457345446487924,0.178105968186877
16,26163501600,26163501600,"+42.4129132,-082.9207524",0.295767687806769,0.3521699075445,0.32218036782628,0.212952788049527
17,26163501700,26163501700,"+42.4042423,-082.9212936",0.430857488770038,0.730568442294827,0.453591695553711,0.108412328461577
18,26163501800,26163501800,"+42.3983391,-082.9316723",0.464107777360692,0.905521008126872,0.317144069674425,0.16965825428078
19,26163501900,26163501900,"+42.3952603,-082.9401000",0.304294757868214,0.721449017865956,0.190027303421002,0.00140795231768284
20,26163502000,26163502000,"+42.3932938,-082.9469658",0.215735330290395,0.49190054727514,0.093355541618,0.0619499019780443
21,26163503100,26163503100,"+42.4461391,-082.9778891",0.27132503990443,0.364946972438829,0.389190173772942,0.0598379735015201
22,26163503200,26163503200,"+42.4454982,-082.9953169",0.511387827486965,0.503295715022099,0.372248532488067,0.658619234950729
23,26163503300,26163503300,"+42.4383158,-082.9950446",0.52445651885285,0.528038254422619,0.377968355072164,0.667362947063766
24,26163503400,26163503400,"+42.4389974,-082.9801546",0.338222271929685,0.797606905098762,0.215651958372611,0.00140795231768284
25,26163503500,26163503500,"+42.4312541,-082.9922641",0.368453987380502,0.0252525252525253,0.394555089440299,0.685554347448681
26,26163503600,26163503600,"+42.4249818,-082.9967805",0.357726599713544,0.394257449632042,0.135347226655951,0.543575122852639
27,26163503900,26163503900,"+42.4134536,-082.9873463",0.19933044927918,0.221640948025313,0.294689165386623,0.0816612344256038
28,26163504000,26163504000,"+42.4169793,-082.9776759",0.160852952435045,0.28898101536538,0.192169889622071,0.00140795231768284
29,26163504100,26163504100,"+42.4153882,-082.9679696",0.159762310759094,0.254208754208754,0.223670225750844,0.00140795231768284
30,26163504200,26163504200,"+42.4081498,-082.9717558",0.231729477289152,0.318181818181818,0.291825498465826,0.0851811152198109
31,26163504300,26163504300,"+42.4055763,-082.9803156",0.254789975940191,0.421873457704077,0.271394878073513,0.0711015920429826
32,26163504400,26163504400,"+42.4030542,-082.9892425",0.321536743710929,0.661034887419252,0.146236672212479,0.157338671501056
33,26163504700,26163504700,"+42.3941500,-083.0172716",0.329897716609146,0.106060606060606,0.378430297408241,0.505202246358591
34,26163504800,26163504800,"+42.4089695,-083.0133701",0.328682990068899,0.0336700336700337,0.05981402126437,0.892564915272295
35,26163504900,26163504900,"+42.4263378,-083.0129968",0.462601282253881,0.491001217385582,0.236373639992939,0.660428989383122
36,26163505000,26163505000,"+42.4391006,-083.0087283",0.242936364502588,0.349795457287314,0.0244622878539211,0.354551348366528
37,26163505100,26163505100,"+42.4403465,-083.0179417",0.393457676993558,0.318499873874467,0.307392579628719,0.55448057747749
38,26163505200,26163505200,"+42.4138010,-083.0035037",0.511627060091072,0.535671591046184,0.248793504264516,0.750416084962517
39,26163505400,26163505400,"+42.4186463,-082.9937654",0.453202363910684,0.414958488248391,0.307484592533059,0.637164010950602
40,26163505500,26163505500,"+42.3970633,-083.0014601",0.482860624567907,0.376418912249531,0.220134301284049,0.852028660170139
41,26163506100,26163506100,"+42.4445674,-083.0320133",0.327076193841616,0.358004584388949,0.206018770632485,0.417205226503414
42,26163506200,26163506200,"+42.4374798,-083.0316910",0.375454150870558,0.544089099463692,0.148172698832375,0.434100654315608
43,26163506300,26163506300,"+42.4265859,-083.0313176",0.423204700828819,0.388203424034043,0.242100973834535,0.63930970461788
44,26163506400,26163506400,"+42.4225996,-083.0523153",0.406499645833893,0.374647671064609,0.211173371089921,0.633677895347149
45,26163506500,26163506500,"+42.4298760,-083.0459797",0.321130909212471,0.411772447603066,0.125263363465995,0.426356916568352
46,26163506600,26163506600,"+42.4370474,-083.0485200",0.345290966917698,0.33592713234407,0.230646306151344,0.469299462257679
47,26163506700,26163506700,"+42.4441868,-083.0465810",0.382118887709238,0.600428826813192,0.0456534230678229,0.500274413246701
48,26163506800,26163506800,"+42.4438513,-083.0676404",0.46381927930527,0.480796016626636,0.269592176274191,0.641069645014983
49,26163506900,26163506900,"+42.4368143,-083.0671656",0.392813986207292,0.435445661830027,0.279328643804903,0.463667652986947
50,26163507000,26163507000,"+42.4296948,-083.0621938",0.381544963020083,0.497631033461652,0.188264035723541,0.458739819875057
51,26163507100,26163507100,"+42.4277494,-083.0763573",0.234041962618099,0.0858585858585859,0.168791100662117,0.447476201333595
52,26163507200,26163507200,"+42.4209193,-083.0737640",0.177936278761374,0.131313131313131,0.0479443566044609,0.354551348366528
53,26163507300,26163507300,"+42.4262623,-083.0877402",0.391507125052195,0.468013468013468,0.202009636943369,0.504498270199749
54,26163507400,26163507400,"+42.4362144,-083.0856365",0.359352952263936,0.368686868686869,0.238664573529577,0.470707414575361
55,26163507500,26163507500,"+42.4432546,-083.0881317",0.371556462514116,0.544089099463692,0.156190966210608,0.414389321868048
56,26163507800,26163507800,"+42.4243919,-083.0970382",0.410823803889685,0.689654416038781,0.0643658433076574,0.478451152322617
57,26163507900,26163507900,"+42.4263906,-083.1066037",0.434434364069771,0.509327805744744,0.35001896592518,0.443956320539388
58,26163508000,26163508000,"+42.4392203,-083.1132634",0.54847357119926,0.592011318395683,0.431347106475831,0.622062288726265
59,26163508100,26163508100,"+42.4408940,-083.1014824",0.429095338224477,0.480116035490628,0.27662459110592,0.530545388076881
60,26163510400,26163510400,"+42.4147480,-083.0760398",0.294644890973913,0.30976430976431,0.0422170227628658,0.531953340394564
61,26163510500,26163510500,"+42.4086539,-083.0689077",0.545026429993571,0.886344443347701,0.226637172462228,0.522097674170785
62,26163510600,26163510600,"+42.4074065,-083.0465471",0.487594989446033,0.641907676109631,0.307227331963781,0.513649960264687
63,26163510700,26163510700,"+42.3936461,-083.0398776",0.500747574251875,0.830558571600917,0.317132802788179,0.354551348366528
64,26163511000,26163511000,"+42.4008260,-083.0306599",0.513455897365268,0.436026936026936,0.444615742844588,0.65972501322428
65,26163511200,26163511200,"+42.3763856,-083.0658451",0.352476525001437,0.162614198444817,0.384685297089012,0.510130079470481
66,26163511300,26163511300,"+42.4154477,-083.0497684",0.468808473801522,0.617642220248083,0.167072900509639,0.621710300646844
67,26163511400,26163511400,"+42.3900705,-083.0776630",0.540514441024453,0.579941653231556,0.490640973158521,0.550960696683282
68,26163511900,26163511900,"+42.3735241,-083.0718813",0.515469104658065,0.672819399203764,0.428213034285135,0.445374880485295
69,26163512100,26163512100,"+42.3989089,-082.9638962",0.319802453322839,0.615580341964707,0.237526618018756,0.106300399985053
70,26163512200,26163512200,"+42.3953197,-082.9768484",0.167945991340232,0.0673400673400673,0.17743468022699,0.25906322645364
71,26163512300,26163512300,"+42.3882982,-082.9663155",0.160083061022908,0.393253929084548,0.0412368036594847,0.0457584503246918
72,26163512400,26163512400,"+42.3908867,-082.9560714",0.222762142929835,0.407407407407407,0.176401882321129,0.0844771390609695
73,26163512600,26163512600,"+42.3820764,-082.9560601",0.235542906063973,0.324915824915825,0.220502352901411,0.161210540374683
74,26163512900,26163512900,"+42.3755477,-082.9504678",0.237120301654029,0.304132530516895,0.242838954883632,0.164389419561559
75,26163513200,26163513200,"+42.3679701,-082.9383380",0.393926615317998,0.620839228331085,0.310994227598613,0.249946390024295
76,26163513300,26163513300,"+42.3582384,-082.9413094",0.522407692369415,0.599644655019248,0.481096042693988,0.48648237939501
77,26163513600,26163513600,"+42.3657136,-082.9802179",0.0961075634886434,0.214906941291306,0.0269184690554969,0.0464972801191271
78,26163513700,26163513700,"+42.3580493,-082.9609921",0.388281066487783,0.199651235481854,0.473077775315755,0.492114188665741
79,26163513900,26163513900,"+42.3722151,-082.9837943",0.115648429239363,0.157563693394312,0.0830463407031288,0.106335253620647
80,26163514100,26163514100,"+42.3798303,-082.9893988",0.361148071558855,0.226691453075818,0.220404706553948,0.636348055046799
81,26163514200,26163514200,"+42.3817139,-083.0084252",0.309415267874376,0.0673400673400673,0.428213034285135,0.432692701997925
82,26163514300,26163514300,"+42.3888619,-082.9934067",0.418861604066561,0.235108961493326,0.227805173003038,0.793670677703319
83,26163514500,26163514500,"+42.3753160,-082.9999028",0.297127107674043,0.297979797979798,0.0706809330484063,0.522720591993924
84,26163515200,26163515200,"+42.3616627,-083.0056672",0.612661241785023,0.731950339442196,0.400759388132964,0.705273997779907
85,26163515300,26163515300,"+42.3532902,-083.0005510",0.37145811834153,0.214906941291306,0.312924620775387,0.586542792957898
86,26163515400,26163515400,"+42.3609676,-082.9963793",0.491438549982716,0.772886300573597,0.0789020043790631,0.622527344995488
87,26163515600,26163515600,"+42.3639483,-082.9917654",0.123431837806187,0.248472784303403,0,0.121822729115158
88,26163515700,26163515700,"+42.3530390,-082.9871415",0.644329133902627,0.598953706445563,0.480418151704868,0.853615543557449
89,26163515900,26163515900,"+42.3829752,-083.0169292",0.373133738755831,0.314814814814815,0.326839225288902,0.477747176163776
90,26163516000,26163516000,"+42.3714831,-083.0093251",0.510175368955903,0.293927329757949,0.479766550116988,0.756832226992773
91,26163516100,26163516100,"+42.3756603,-083.0258411",0.345359698210224,0.205387205387205,0.329702892209699,0.500988997033766
92,26163516200,26163516200,"+42.3661558,-083.0189390",0.243939043396083,0.114478114478114,0.283884221476939,0.333454794233195
93,26163516300,26163516300,"+42.3595713,-083.0152242",0.514512998679644,0.886108643437634,0.323975558368104,0.333454794233195
94,26163516400,26163516400,"+42.3508558,-083.0096137",0.370925578146029,0.342853069237434,0.349175827271123,0.42074783792953
95,26163516500,26163516500,"+42.3375655,-083.0148583",0.728038509155731,0.56287632020531,0.621239207261884,1
96,26163516600,26163516600,"+42.3413645,-083.0201887",0.31118270096687,0.128944164774784,0.389839897546448,0.414764040579378
97,26163516700,26163516700,"+42.3483954,-083.0210206",0.459471382195642,0.382154882154882,0.455131503340632,0.541127761091412
98,26163516800,26163516800,"+42.3560005,-083.0254934",0.357652959501142,0.365319865319865,0.295338889160129,0.412300124023433
99,26163516900,26163516900,"+42.3446547,-083.0302450",0.518516512663442,0.723132519549458,0.394421764619724,0.437995253821145
100,26163517000,26163517000,"+42.3408105,-083.0361037",0.428753899905369,0.458729532019434,0.494077373463478,0.333454794233195
101,26163517100,26163517100,"+42.3358287,-083.0330442",0.350804189780687,0.411591484881387,0.307366290227479,0.333454794233195
102,26163517200,26163517200,"+42.3338393,-083.0390113",0.764103653993169,0.900832428519725,0.641269853192472,0.750208680267311
103,26163517300,26163517300,"+42.3456895,-083.0505419",0.371488581861919,0.297398523782889,0.432222167974251,0.384845053828618
104,26163517500,26163517500,"+42.3541327,-083.0560746",0.378646212824732,0.194600730431349,0.513550308524902,0.427787599517944
105,26163518000,26163518000,"+42.3624987,-083.0613713",0.525607632596499,0.691337917722283,0.499231973920914,0.386253006146301
106,26163518400,26163518400,"+42.3698286,-083.0441079",0.538722665302018,0.925723028328892,0.268993153488791,0.421451814088372
107,26163518500,26163518500,"+42.3732892,-083.0345719",0.368828144225777,0.425059498349401,0.302211689770043,0.379213244557887
108,26163518600,26163518600,"+42.3647264,-083.0294479",0.445007556367918,0.691337917722283,0.310229957148276,0.333454794233195
109,26163518800,26163518800,"+42.3597016,-083.0372366",0.386125594448277,0.372870946160848,0.287320621781896,0.498185215402086
110,26163518900,26163518900,"+42.3525953,-083.0435070",0.41834151703101,0.18013468013468,0.459140637029748,0.615749233928602
111,26163520200,26163520200,"+42.3572141,-083.0699378",0.45073054793228,0.455466719310368,0.514695775293221,0.382029149193253
112,26163520300,26163520300,"+42.3497881,-083.0627334",0.588561485086377,0.943879621404051,0.488350039621883,0.333454794233195
113,26163520400,26163520400,"+42.3481561,-083.0675930",0.357059292627737,0.365637921012514,0.372085162637503,0.333454794233195
114,26163520700,26163520700,"+42.3347168,-083.0554556",0.495852378209197,0.643415698790292,0.510686641604104,0.333454794233195
115,26163520800,26163520800,"+42.3254678,-083.0537969",0.621672128967726,0.412386624113009,0.703125058681699,0.74950470410847
116,26163521100,26163521100,"+42.3208768,-083.0808652",0.541842897808785,0.462200726044374,0.426494834132656,0.736833133249324
117,26163521300,26163521300,"+42.3341230,-083.0929489",0.51048937540329,0.655984382368747,0.388914135059921,0.486569608781202
118,26163521400,26163521400,"+42.3305838,-083.0730165",0.540876017520082,0.753347810351068,0.388694430778129,0.48058581143105
119,26163521500,26163521500,"+42.3368603,-083.0763920",0.563196161829045,0.70260695993595,0.392703564467245,0.594277961083938
120,26163521800,26163521800,"+42.3461214,-083.0712523",0.302285990246563,0.28550982134044,0.287893355166055,0.333454794233195
121,26163521900,26163521900,"+42.3503993,-083.0805337",0.512897121854976,0.419509974884568,0.514695775293221,0.604485615387139
122,26163522000,26163522000,"+42.3435757,-083.0875891",0.389244217129756,0.13567817150879,0.440240435352485,0.591814044527993
123,26163522100,26163522100,"+42.3435090,-083.1014140",0.425943045081059,0.471380471380471,0.377957088185919,0.428491575676786
124,26163522200,26163522200,"+42.3511187,-083.1065656",0.245748815977925,0.0218855218855219,0.381906131815058,0.333454794233195
125,26163522300,26163522300,"+42.3565382,-083.0965947",0.373026673492246,0.101010101010101,0.502285300093515,0.515784619373121
126,26163522400,26163522400,"+42.3609881,-083.0833636",0.39579786371813,0.387205387205387,0.310802690532436,0.489385513416568
127,26163522500,26163522500,"+42.3411363,-083.0606837",0.419035291470552,0.38274164007063,0.474031705017896,0.400332529323129
128,26163523100,26163523100,"+42.3259510,-083.1023821",0.623674982719169,0.889711446714704,0.478200452928827,0.503113048513975
129,26163523200,26163523200,"+42.3144563,-083.1042425",0.602044946638469,0.823627150988715,0.595550706621549,0.386956982305142
130,26163523300,26163523300,"+42.3172270,-083.0975239",0.491772927364732,0.60519966220292,0.53666432565808,0.333454794233195
131,26163523400,26163523400,"+42.3196503,-083.0910903",0.515283498216261,0.779028065673017,0.43336763474257,0.333454794233195
132,26163523800,26163523800,"+42.3078841,-083.1139929",0.57639534169082,0.525746059948014,0.732005843758333,0.471434121366112
133,26163524000,26163524000,"+42.3169861,-083.1199144",0.596272627401701,0.600445277969708,0.581775060371732,0.606597543863663
134,26163524100,26163524100,"+42.3113650,-083.1373320",0.689202146159466,0.802268066111714,0.634466531714407,0.630871840652277
135,26163524200,26163524200,"+42.3070018,-083.1291089",0.687130204483187,0.892650720012284,0.684294336136284,0.484445557300993
136,26163524300,26163524300,"+42.3001177,-083.1320379",0.79949622743748,0.754603581965145,0.803567471748283,0.840317628599012
137,26163524500,26163524500,"+42.2868892,-083.1512103",0.819356724744607,1,0.689570994528049,0.768499179705773
138,26163524700,26163524700,"+42.2739530,-083.1526152",0.674352816898056,0.607058642889262,0.784072002914368,0.631927804890539
139,26163524800,26163524800,"+42.2630997,-083.1615912",0.516881270080067,0.134680134680135,0.756580800474711,0.659382875085354
140,26163524900,26163524900,"+42.2904837,-083.1246926",0.789903738501745,0.747705063665976,0.766905023904577,0.855101127934682
141,26163525000,26163525000,"+42.3036532,-083.0973176",0.773105204714116,0.649266826791257,0.813891695178148,0.856157092172944
142,26163525400,26163525400,"+42.3391838,-083.1140246",0.516301380892964,0.607162833547198,0.499874186436922,0.441867122694773
143,26163525500,26163525500,"+42.3340140,-083.1093553",0.522256792425632,0.77136182673642,0.404227711282284,0.391180839258191
144,26163525600,26163525600,"+42.3282644,-083.1115806",0.433081644344781,0.515743756786102,0.450046382015045,0.333454794233195
145,26163525700,26163525700,"+42.3267956,-083.1262619",0.64902885985466,0.761337588699152,0.694603537051156,0.491145453813671
146,26163525800,26163525800,"+42.3332194,-083.1284291",0.551766389545194,0.840297656258568,0.481546718143818,0.333454794233195
147,26163526000,26163526000,"+42.3259356,-083.1429717",0.677751081164903,0.850990907994165,0.562302125310309,0.619960210190235
148,26163526100,26163526100,"+42.3334778,-083.1520873",0.58348865772528,0.907473212033473,0.497583252900284,0.345409508242084
149,26163526200,26163526200,"+42.3372007,-083.1452619",0.551493929641964,0.766815823819081,0.542256456864726,0.345409508242084
150,26163526300,26163526300,"+42.3390784,-083.1384863",0.647911918372668,0.919784160826506,0.592656994670763,0.431294599620736
151,26163526400,26163526400,"+42.3405358,-083.1309829",0.445033952520169,0.567137169743033,0.422555179575389,0.345409508242084
152,26163526500,26163526500,"+42.3481772,-083.1404328",0.55422961482949,0.580122615953235,0.565738525615266,0.516827702919968
153,26163527200,26163527200,"+42.3515946,-083.1186144",0.247982624757419,0.00168350168350168,0.40880957835556,0.333454794233195
154,26163527300,26163527300,"+42.3457181,-083.1184380",0.368229089685719,0.260942760942761,0.423700646343708,0.420043861770689
155,26163530100,26163530100,"+42.4096746,-083.1216653",0.573192724292183,0.674502900887266,0.450820041537254,0.594255230452029
156,26163530200,26163530200,"+42.4111231,-083.1341948",0.580308916172224,0.623997850382215,0.501220579343291,0.615708318791165
157,26163530300,26163530300,"+42.4008029,-083.1306653",0.550752434908455,0.509327805744744,0.499414121915221,0.643515377065401
158,26163530400,26163530400,"+42.3909517,-083.1361282",0.475888610937335,0.59874532512969,0.457491916009119,0.371428591673195
159,26163530500,26163530500,"+42.3844331,-083.1340130",0.500348367640792,0.595378321762687,0.534238189486493,0.371428591673195
160,26163530800,26163530800,"+42.3716662,-083.1339332",0.520685433743579,0.578351374768313,0.534810922870653,0.448894003591772
161,26163530900,26163530900,"+42.3753050,-083.1262756",0.370760790630555,0.0589225589225589,0.579484126835094,0.473875686134013
162,26163531100,26163531100,"+42.3748819,-083.1152689",0.317647088298904,0.13973063973064,0.46780111692399,0.345409508242084
163,26163531200,26163531200,"+42.3788297,-083.1020097",0.570354553394703,0.724816021232959,0.539475413776397,0.446772225174753
164,26163531300,26163531300,"+42.3833022,-083.1097921",0.461856920907263,0.571809298193663,0.459210116161597,0.354551348366528
165,26163531400,26163531400,"+42.3803842,-083.1189728",0.333754548551723,0.177765713596332,0.468946583692309,0.354551348366528
166,26163531500,26163531500,"+42.3870970,-083.1235622",0.381464178488086,0.106060606060606,0.628166464488652,0.410165464915
167,26163531600,26163531600,"+42.3941530,-083.1282997",0.37003619569059,0.250260476644842,0.488419518753732,0.371428591673195
168,26163531700,26163531700,"+42.3980117,-083.1171527",0.311340536574589,0.0858585858585859,0.493611675498654,0.354551348366528
169,26163531800,26163531800,"+42.3903871,-083.1146956",0.410790148591079,0.28898101536538,0.532519989334015,0.410869441073841
170,26163531900,26163531900,"+42.3902385,-083.1062989",0.412220325517396,0.422876978251571,0.459232649934089,0.354551348366528
171,26163532200,26163532200,"+42.3884007,-083.0939521",0.544137574882284,0.859172616501607,0.418688759778718,0.354551348366528
172,26163532300,26163532300,"+42.3840376,-083.0891148",0.352449331105621,0.317408613825552,0.283311488092779,0.456627891398533
173,26163532400,26163532400,"+42.3784502,-083.0840723",0.428322075278789,0.506361113852971,0.343448493429528,0.43515661855387
174,26163532600,26163532600,"+42.3689514,-083.0885598",0.471142709442763,0.588540124370743,0.390412630930607,0.434475373026938
175,26163532700,26163532700,"+42.3752477,-083.0927712",0.301272302775228,0.262626262626263,0.296484355928448,0.344706289770973
176,26163533000,26163533000,"+42.3655279,-083.0976664",0.346480646447659,0.171031706862326,0.4473104064717,0.421099826008951
177,26163533100,26163533100,"+42.3718956,-083.1019312",0.2685516596692,0.0117845117845118,0.460415672989894,0.333454794233195
178,26163533200,26163533200,"+42.3687113,-083.1111289",0.414458241198671,0.446127946127946,0.463791983234873,0.333454794233195
179,26163533300,26163533300,"+42.3621943,-083.1067231",0.402410072473809,0.393939393939394,0.479836029248837,0.333454794233195
180,26163533400,26163533400,"+42.3633711,-083.1191094",0.352740303126669,0,0.612129929732186,0.446090979647821
181,26163533500,26163533500,"+42.3624806,-083.1312395",0.32962265030883,0.230639730639731,0.412818712044677,0.345409508242084
182,26163533600,26163533600,"+42.3563635,-083.1217128",0.414262420881833,0.314814814814815,0.535383656254812,0.392588791575874
183,26163533700,26163533700,"+42.3569040,-083.1335477",0.438734561986993,0.47979797979798,0.440309914484334,0.396095791678666
184,26163533900,26163533900,"+42.3685171,-083.0774349",0.528112982950779,0.5648833613003,0.529014109897209,0.49044147765483
185,26163534100,26163534100,"+42.3750600,-083.1423228",0.423668393627367,0.373051908882528,0.543401923633045,0.354551348366528
186,26163534200,26163534200,"+42.3798594,-083.1559200",0.521557904733751,0.323232323232323,0.684867069520444,0.556574321448486
187,26163534300,26163534300,"+42.3749313,-083.1627851",0.309734240543395,0.144781144781145,0.430573446953622,0.353848129895417
188,26163534400,26163534400,"+42.3693259,-083.1588593",0.478260186599588,0.543189769574135,0.482119451527978,0.409471338696653
189,26163534500,26163534500,"+42.3652492,-083.1451954",0.455577193446271,0.493265993265993,0.416827845733794,0.456637741339027
190,26163534600,26163534600,"+42.3555106,-083.1437193",0.417443077873082,0.378206604590969,0.481546718143818,0.392575910884459
191,26163534700,26163534700,"+42.3591263,-083.1538569",0.413386635958616,0.203703703703704,0.599529795280677,0.436926408891468
192,26163535000,26163535000,"+42.3603948,-083.1762139",0.454777593232305,0.298977834808454,0.593229728054922,0.472125216833538
193,26163535100,26163535100,"+42.3694786,-083.1753696",0.360206250548959,0.14983164983165,0.510756120735953,0.420030981079274
194,26163535200,26163535200,"+42.3783005,-083.1753987",0.389198105099374,0.0723905723905724,0.56115665854199,0.534047084365561
195,26163535300,26163535300,"+42.3727250,-083.1899689",0.50041962216226,0.278775814606434,0.673985135221413,0.548497916658933
196,26163535400,26163535400,"+42.3619120,-083.1897249",0.435602736684136,0.42524046107108,0.455200982472481,0.426366766508846
197,26163535500,26163535500,"+42.3546687,-083.1894514",0.398502578345828,0.235690235690236,0.53767458979145,0.422142909555798
198,26163535600,26163535600,"+42.3551099,-083.1675599",0.597120055306776,0.662718389102754,0.639621132171842,0.489020644645732
199,26163535700,26163535700,"+42.3624512,-083.1629391",0.367290251511655,0.333333333333333,0.423127912959548,0.345409508242084
200,26163536100,26163536100,"+42.4134413,-083.1504213",0.396767024252308,0.185185185185185,0.491484111812579,0.51363177575916
201,26163536200,26163536200,"+42.4127063,-083.1641142",0.284392495943771,0.166666666666667,0.31508222949145,0.371428591673195
202,26163536300,26163536300,"+42.4061973,-083.1501123",0.420253842796624,0.324230360060979,0.431347106475831,0.505184061853063
203,26163536400,26163536400,"+42.3989571,-083.1498100",0.539852192852204,0.558237094067713,0.549799637206263,0.511519847282636
204,26163536500,26163536500,"+42.3884460,-083.1445271",0.453513205638049,0.312550038934404,0.558292991621192,0.489696586358552
205,26163536600,26163536600,"+42.3899155,-083.1588972",0.494514925806667,0.281144781144781,0.640193865556002,0.562206130719218
206,26163536700,26163536700,"+42.3987581,-083.1643604",0.365722876804948,0.326599326599327,0.399140712142323,0.371428591673195
207,26163536800,26163536800,"+42.4064903,-083.1658850",0.261859130206653,0.13973063973064,0.274418159216125,0.371428591673195
208,26163536900,26163536900,"+42.4129308,-083.1776478",0.472332075628317,0.507836234220599,0.461701975836285,0.447458016828068
209,26163537000,26163537000,"+42.4057432,-083.1771291",0.462836967969979,0.460593996424615,0.472011176751156,0.455905730734165
210,26163537100,26163537100,"+42.3979765,-083.1765031",0.401158268956524,0.193602693602694,0.540590835514728,0.469281277752151
211,26163537200,26163537200,"+42.3881477,-083.1758564",0.552644662850651,0.77532107173801,0.401364044361487,0.481248872452455
212,26163537300,26163537300,"+42.3848282,-083.1918279",0.456560285378481,0.284511784511785,0.558865725005352,0.526303346618306
213,26163537500,26163537500,"+42.4053507,-083.1917756",0.434785076589005,0.479112514943134,0.38552843574307,0.439714279080812
214,26163537600,26163537600,"+42.4126361,-083.1920649",0.350559234085773,0.176082211912831,0.433065306628309,0.442530183716178
215,26163537700,26163537700,"+42.3980970,-083.1914647",0.402066689523842,0.182816218646838,0.582965594685034,0.440418255239653
216,26163537800,26163537800,"+42.3918919,-083.1877019",0.543299543540231,0.726499522916461,0.482692184912137,0.420706922792094
217,26163538100,26163538100,"+42.4413341,-083.1269354",0.57347448845576,0.539038594413187,0.533293648856223,0.64809122209787
218,26163538200,26163538200,"+42.4349753,-083.1300384",0.574174744516892,0.709072264446857,0.372928301291561,0.640523667812257
219,26163538300,26163538300,"+42.4269590,-083.1237435",0.419498349632814,0.186287412671778,0.406146837572812,0.666060798653853
220,26163538400,26163538400,"+42.4244427,-083.1362309",0.573883968124208,0.625681352065717,0.4897659116601,0.606204640646806
221,26163538500,26163538500,"+42.4206842,-083.1507627",0.535373469851745,0.563287599118218,0.532720915472064,0.510111894964953
222,26163538600,26163538600,"+42.4278669,-083.1510894",0.534563368507565,0.48989898989899,0.524129914709671,0.589661200914033
223,26163538700,26163538700,"+42.4240331,-083.1655643",0.464987830133833,0.304028339858959,0.474874843671953,0.616060306870586
224,26163538800,26163538800,"+42.4350112,-083.1659258",0.412915647396677,0.529721756106121,0.238335956014076,0.470689230069834
225,26163538900,26163538900,"+42.4350607,-083.1513465",0.517823049798922,0.570021605852225,0.475447577056113,0.507999966488429
226,26163539000,26163539000,"+42.4423439,-083.1516011",0.355452654808537,0.121212121212121,0.424474305865917,0.520671537347574
227,26163539100,26163539100,"+42.4421933,-083.1662919",0.291395637309552,0.22490376073438,0.277854559521082,0.371428591673195
228,26163539200,26163539200,"+42.4418860,-083.1852528",0.541689494438632,0.541402077232696,0.523572203840506,0.560094202242694
229,26163539300,26163539300,"+42.4348464,-083.1809086",0.447204376655016,0.318181818181818,0.500647845959131,0.522783465824099
230,26163539400,26163539400,"+42.4258579,-083.1758620",0.425010838249817,0.324230360060979,0.476593043824432,0.474209110864041
231,26163539500,26163539500,"+42.4198239,-083.1873321",0.551399969307266,0.650933877318242,0.456547375378849,0.546718655224707
232,26163539600,26163539600,"+42.4267839,-083.1911640",0.334749072570247,0.0942760942760943,0.442801774159021,0.467169349275627
233,26163539700,26163539700,"+42.4346911,-083.1956884",0.365156815879048,0.415824915824916,0.308216940139033,0.371428591673195
234,26163540100,26163540100,"+42.4409076,-083.2102951",0.442963732026993,0.497631033461652,0.342971528578457,0.488288634040869
235,26163540200,26163540200,"+42.4338414,-083.2097474",0.307476819963332,0.0151515151515152,0.409838620632673,0.497440324105808
236,26163540300,26163540300,"+42.4266089,-083.2094015",0.374852958338845,0.193602693602694,0.420140310290047,0.510815871123795
237,26163540400,26163540400,"+42.4193657,-083.2091493",0.337292717596612,0.182816218646838,0.330213657719507,0.498848276423491
238,26163540500,26163540500,"+42.4237296,-083.2251159",0.399894889643626,0.304028339858959,0.36301719702404,0.532639132047879
239,26163540600,26163540600,"+42.4224753,-083.2339950",0.476353477640073,0.490897026727646,0.366453597328997,0.571709808863577
240,26163540700,26163540700,"+42.4334044,-083.2292261",0.491502772545563,0.541714649206506,0.331516860895267,0.601276807534916
241,26163540800,26163540800,"+42.4405745,-083.2295474",0.498308954184387,0.647374943791882,0.251906920497095,0.595644998264185
242,26163540900,26163540900,"+42.4401121,-083.2489699",0.444646238725306,0.457331183715549,0.37389913132307,0.502708401137299
243,26163541000,26163541000,"+42.4329511,-083.2487283",0.369901697462516,0.219853255683875,0.37447186470723,0.515379971996444
244,26163541100,26163541100,"+42.4222559,-083.2439581",0.420941366653534,0.240159466543831,0.384781065622101,0.63788356779467
245,26163541200,26163541200,"+42.4220120,-083.2537031",0.416596281197453,0.397893155222145,0.285125456778347,0.566770231591867
246,26163541300,26163541300,"+42.4215788,-083.2821395",0.466551274064676,0.56377016637603,0.321207659980396,0.514675995837603
247,26163541400,26163541400,"+42.4244065,-083.2688858",0.703022266214422,0.741327498656489,0.45637273864204,0.911366561344738
248,26163541500,26163541500,"+42.4362189,-083.2633513",0.452612835748804,0.470695006525625,0.389362932695377,0.497780568025409
249,26163541700,26163541700,"+42.4361333,-083.2731759",0.451678431922542,0.0589225589225589,0.458663672178678,0.83744906466639
250,26163541800,26163541800,"+42.4356241,-083.2828630",0.632106091275304,0.706697814189671,0.379626465164666,0.809993994471575
251,26163542100,26163542100,"+42.4121468,-083.2090072",0.478350984017219,0.456228956228956,0.463080291587016,0.515743704235685
252,26163542200,26163542200,"+42.4049237,-083.2086673",0.465126922865553,0.412457912457912,0.465771199585379,0.517151656553367
253,26163542300,26163542300,"+42.3984056,-083.2054071",0.333160091155717,0.240055275885895,0.338014098630322,0.421410898950935
254,26163542400,26163542400,"+42.3908903,-083.2036174",0.403175772780241,0.48575878217572,0.352339944491807,0.371428591673195
255,26163542500,26163542500,"+42.3927935,-083.2132702",0.450007970422406,0.617263843648209,0.272630479931798,0.460129587687213
256,26163542600,26163542600,"+42.3829687,-083.2077387",0.382755030634798,0.178451178451178,0.439990686040704,0.529823227412513
257,26163542700,26163542700,"+42.3824612,-083.2268100",0.430449702731181,0.679553405937771,0.0763406655725268,0.535455036683244
258,26163542800,26163542800,"+42.3901406,-083.2243491",0.48489667808057,0.806715362089955,0.219524011612404,0.428450660539349
259,26163542900,26163542900,"+42.3988392,-083.2260719",0.549222059760417,0.738684346176203,0.391126200392839,0.517855632712209
260,26163543000,26163543000,"+42.4068106,-083.2257349",0.488327429515951,0.78146283683743,0.247325053423819,0.436194398286605
261,26163543100,26163543100,"+42.4126595,-083.2284219",0.471908550313746,0.623482380811371,0.350417062572531,0.441826207557336
262,26163543200,26163543200,"+42.4112995,-083.2475927",0.460073429566254,0.437129163513528,0.341826061810138,0.601265063375096
263,26163543400,26163543400,"+42.4015679,-083.2374736",0.424435941474544,0.485950712335077,0.32581957208366,0.461537540004896
264,26163543500,26163543500,"+42.4040427,-083.2498756",0.472252967366705,0.711918314524178,0.166569646257328,0.53827094131861
265,26163543600,26163543600,"+42.3968066,-083.2510232",0.409381431660552,0.427636846203622,0.162635625143183,0.63787182363485
266,26163543700,26163543700,"+42.3894635,-083.2386147",0.369944648631043,0.378014674431613,0.206923877160895,0.524895394300623
267,26163543800,26163543800,"+42.3894072,-083.2540332",0.415685469988975,0.703731122297898,0.0786315991091649,0.464693688559863
268,26163543900,26163543900,"+42.3819469,-083.2493385",0.464032716621967,0.40766514219283,0.162823406580613,0.821609601092458
269,26163544000,26163544000,"+42.3823964,-083.2671854",0.615457127009412,0.721355794645697,0.335788888596785,0.789226697785754
270,26163544100,26163544100,"+42.3929346,-083.2685039",0.613928902673027,0.362863159280097,0.583044462888755,0.895879085850228
271,26163544200,26163544200,"+42.4073688,-083.2619700",0.453575442259638,0.506361113852971,0.255916054186212,0.598449158739731
272,26163544300,26163544300,"+42.4086903,-083.2749743",0.692332958876575,0.571825749350179,0.60471819639685,0.900454930882697
273,26163545100,26163545100,"+42.3757244,-083.2071726",0.461225950705788,0.586176641551234,0.252699358163047,0.544801852403083
274,26163545200,26163545200,"+42.3688227,-083.2069235",0.41042971526473,0.271043771043771,0.414202661238531,0.546042713511886
275,26163545300,26163545300,"+42.3616038,-083.2068681",0.462772275352466,0.501310608802466,0.409953167309505,0.477053049945428
276,26163545400,26163545400,"+42.3543681,-083.2066365",0.395558492112508,0.174398710229329,0.420827590351039,0.591449175757158
277,26163545500,26163545500,"+42.3471339,-083.2064028",0.572769168323868,0.631570866098553,0.50443915318083,0.582297485692219
278,26163545600,26163545600,"+42.3399009,-083.2060508",0.584602671560116,0.717566544928109,0.538773111200412,0.497468358551829
279,26163545700,26163545700,"+42.3328249,-083.2242628",0.458660016272307,0.740899768587065,0.196041942861864,0.439038337367992
280,26163545800,26163545800,"+42.3396092,-083.2268502",0.486245493706392,0.579947136950394,0.36442555780476,0.514363786364023
281,26163545900,26163545900,"+42.3468695,-083.2259311",0.452714286020385,0.542114960681736,0.349534489816613,0.466493407562807
282,26163546000,26163546000,"+42.3540965,-083.2261440",0.495056992385629,0.69250594983494,0.316315953535361,0.476349073786587
283,26163546100,26163546100,"+42.3508568,-083.2405854",0.536014702038516,0.455795742440694,0.370725625030515,0.781522738644339
284,26163546200,26163546200,"+42.3464216,-083.2528230",0.693985216803188,0.691354368878799,0.477826767868343,0.912774513662421
285,26163546300,26163546300,"+42.3664397,-083.2586109",0.738047683447047,0.854785641430593,0.440599097897975,0.918758311012573
286,26163546400,26163546400,"+42.3754399,-083.2413545",0.271027120846373,0.373156099540464,0.0860771331032385,0.353848129895417
287,26163546500,26163546500,"+42.3682497,-083.2411333",0.304064094890107,0.294031520415885,0.17771447456876,0.440446289685675
288,26163546600,26163546600,"+42.3610566,-083.2415451",0.322431095266648,0.347903574287939,0.175423541032122,0.443966170479882
289,26163546700,26163546700,"+42.3613063,-083.2262460",0.52091055649981,0.806984064313055,0.280806483717472,0.474941121468904
290,26163546800,26163546800,"+42.3697567,-083.2297901",0.470636116181919,0.609745665120258,0.311734086462085,0.490428596963415
291,26163546900,26163546900,"+42.3739170,-083.2228469",0.20331123490109,0.0824915824915825,0.0820679994141219,0.445374122797564
292,26163550100,26163550100,"+42.3681537,-082.9237513",0.593906068353526,0.833563649524562,0.46677770809,0.481376847446016
293,26163551600,26163551600,"+42.4340457,-082.9401024",0.487096622262014,0.827718005242435,0.433290644353224,0.200281217190382
294,26163552800,26163552800,"+42.3879631,-083.0514612",0.611408872249036,0.704197238399193,0.583996514776521,0.546032863571393
295,26163553300,26163553300,"+42.3971272,-083.1054361",0.407910364602071,0.37037037037037,0.446715139315049,0.406645584120793
296,26163553600,26163553600,"+42.4008134,-083.0848809",0.416237687275475,0.485846521677141,0.225281390483988,0.537585149665296
297,26163555400,26163555400,"+42.3676767,-083.2707820",0.579400896089318,0.592389694995558,0.358698223963165,0.787114769309229
298,26163573500,26163573500,"+42.3143412,-083.1525188",0.7908675581958,0.705387205387206,0.804735472289093,0.862479996911101
299,26163573600,26163573600,"+42.3391406,-083.1605742",0.68849183284918,0.712121212121212,0.715794672265057,0.63755961416127
300,26163577000,26163577000,"+42.2522226,-083.1670939",0.818519756363776,0.898556685201636,0.831608873799607,0.725393710090084
301,26163577100,26163577100,"+42.2577829,-083.1756791",0.801253127083787,0.942991258952171,0.800681271054994,0.660086851244195
302,26163578600,26163578600,"+42.2757597,-083.1776386",0.852589064082573,0.700567016527929,1,0.857200175719791
303,26163579900,26163579900,"+42.3201738,-083.2373533",0.633996979086955,0.609493414053675,0.397644094086012,0.894853429121177
304,26163985000,26163985000,"+42.3453308,-083.1280797",0.3886928614234,0.440496166880532,0.380172909147585,0.345409508242084
305,26163985100,26163985100,"+42.3777226,-083.0564328",0.554776926719338,0.691337917722283,0.412176499528669,0.560816362907062
306,26163985200,26163985200,"+42.3785776,-082.9715216",0.271108073839255,0.440496166880532,0.0887736745447239,0.28405438009251
307,26163985300,26163985300,"+42.3203926,-083.0701382",0.627759626730011,0.691337917722283,0.470595304712939,0.721345657754813
308,26163985500,26163985500,"+42.3418558,-082.9781710",0.592330688659038,0.440496166880532,0.344085072502413,0.992410826594169
309,26163985700,26163985700,"+42.3018740,-083.1653012",0.705723531849027,0.440496166880532,0.81560238407313,0.861072044593418
310,26163985900,26163985900,"+42.3662243,-083.0526570",0.345929838048361,0.440496166880532,0.263838553031356,0.333454794233195
