ToxPi Score,FIPS,Name,Source,Socioeconomic Stressors!1!0x88cceeff,Housing Composition & Disability!1!0x44aa99ff,Minority Status & Language!1!0x117733ff,Housing Type & Transportation!1!0x332288ff
0.41725721614876,26163500100,26163500100,"+42.4444014,-082.9509210",0.407926277100091,0.495059288537549,0.261957712233449,0.504085586723949
0.434316689551954,26163500200,26163500200,"+42.4461071,-082.9633178",0.413359612209024,0.578063241106719,0.255348860947444,0.490495043944627
0.566319328439004,26163500300,26163500300,"+42.4388723,-082.9656436",0.562536621743994,0.459486166007905,0.53919581550113,0.704058710502987
0.523810564196569,26163500400,26163500400,"+42.4261558,-082.9793388",0.576146593511959,0.679841897233202,0.236556516641819,0.602697249399297
0.440866147125007,26163500500,26163500500,"+42.4241342,-082.9679434",0.560738827038832,0.430830039525692,0.28153706478382,0.490358657151682
0.380129835330952,26163500600,26163500600,"+42.4315247,-082.9651767",0.275701805784904,0.512845849802372,0.368733542361922,0.36323814337461
0.520212156663459,26163500700,26163500700,"+42.4295995,-082.9473259",0.751305065785969,0.619565217391304,0.173151903693335,0.536826439783225
0.48847393552989,26163500800,26163500800,"+42.4246567,-082.9351961",0.618268257604006,0.661067193675889,0.075340904660459,0.599219386179204
0.512080514111046,26163500900,26163500900,"+42.4223549,-082.9475917",0.747709476375646,0.518774703557312,0.157290660606923,0.624547215904305
0.556251573373268,26163501000,26163501000,"+42.4187276,-082.9515638",0.605550524689714,0.495059288537549,0.224700943724176,0.899695536541632
0.551504877818046,26163501100,26163501100,"+42.4128315,-082.9601612",0.797448463218452,0.66897233201581,0.195621998065753,0.543976717972169
0.651963557249412,26163501200,26163501200,"+42.4114379,-082.9513090",0.928687476695254,0.778656126482214,0.290789456584227,0.609721169235953
0.620557950638221,26163501300,26163501300,"+42.4033690,-082.9505462",0.790137431417461,0.780632411067194,0.322471583359886,0.588990376708345
0.343208014711796,26163501400,26163501400,"+42.4091561,-082.9385202",0.396513609971768,0.507905138339921,0.0541925805452424,0.414220729990252
0.565051024021526,26163501500,26163501500,"+42.4183457,-082.9264931",0.619466787407447,0.679841897233202,0.304995278668903,0.655900132776554
0.467481844928097,26163501600,26163501600,"+42.4129132,-082.9207524",0.632650615245299,0.540513833992095,0.146963699856959,0.549799230618033
0.539984512207131,26163501700,26163501700,"+42.4042423,-082.9212936",0.53676823097001,0.685770750988142,0.314729175057187,0.622669891813182
0.330524814919049,26163501800,26163501800,"+42.3983391,-082.9316723",0.387804293400096,0.531620553359684,0.0409345185760656,0.361739894340349
0.590753979575244,26163501900,26163501900,"+42.3952603,-082.9401000",0.673999893464018,0.57905138339921,0.470176201421866,0.639788440015885
0.439286675574617,26163502000,26163502000,"+42.3932938,-082.9469658",0.540963085282054,0.596837944664032,0.210121111497798,0.409224560854584
0.578758930233032,26163503100,26163503100,"+42.4461391,-082.9778891",0.480437330208278,0.659090909090909,0.485550764382819,0.689956717250121
0.427468958954563,26163503200,26163503200,"+42.4454982,-082.9953169",0.645834443083151,0.566205533596838,0.213052212717011,0.284783646421251
0.476102954341078,26163503300,26163503300,"+42.4383158,-082.9950446",0.624260906621211,0.445652173913043,0.26431369204304,0.570185044787016
0.571836893678214,26163503400,26163503400,"+42.4389974,-082.9801546",0.499014542161615,0.483201581027668,0.611396017833629,0.693735433689945
0.557145897741515,26163503500,26163503500,"+42.4312541,-082.9922641",0.610477813881639,0.631422924901186,0.296036178215865,0.690646673967371
0.585012617869767,26163503600,26163503600,"+42.4249818,-082.9967805",0.528378522345922,0.448616600790514,0.637399388039212,0.725655960303421
0.535267933361446,26163503900,26163503900,"+42.4134536,-082.9873463",0.461860118254941,0.677865612648221,0.269600773071844,0.731745229470779
0.603754083591235,26163504000,26163504000,"+42.4169793,-082.9776759",0.573922654876685,0.66304347826087,0.472729912889662,0.705320288337726
0.564640446067869,26163504100,26163504100,"+42.4153882,-082.9679696",0.606895541469131,0.761857707509881,0.30665069967064,0.583157835621824
0.533701357606676,26163504200,26163504200,"+42.4081498,-082.9717558",0.639841794065946,0.606719367588933,0.210121111497798,0.678123157274029
0.521279578850172,26163504300,26163504300,"+42.4055763,-082.9803156",0.551536781547968,0.714426877470356,0.229947665355814,0.589206991026552
0.557845397128898,26163504400,26163504400,"+42.4030542,-082.9892425",0.670404304053694,0.769762845849802,0.292070867444262,0.499143571167832
0.605535181724923,26163504700,26163504700,"+42.3941500,-083.0172716",0.715349171682736,0.718379446640316,0.394134737953553,0.594277370623087
0.449689586688543,26163504800,26163504800,"+42.4089695,-083.0133701",0.538526074681724,0.532608695652174,0.458901480556403,0.26872209586387
0.466957241287044,26163504900,26163504900,"+42.4263378,-083.0129968",0.627856496031535,0.611660079051383,0.243452928632635,0.384859461432623
0.604395344444369,26163505000,26163505000,"+42.4391006,-083.0087283",0.828010973206201,0.611660079051383,0.394134737953553,0.583775587566338
0.579498285075363,26163505100,26163505100,"+42.4403465,-083.0179417",0.681244340275928,0.588932806324111,0.23684407734663,0.810971916354782
0.482485722566189,26163505200,26163505200,"+42.4138010,-083.0035037",0.54755499920098,0.598814229249012,0.224660584327009,0.558913077487755
0.542409896576856,26163505400,26163505400,"+42.4186463,-082.9937654",0.704402599477974,0.614624505928854,0.145354368894947,0.705258112005648
0.581548440562516,26163505500,26163505500,"+42.3970633,-083.0014601",0.667407979545091,0.506916996047431,0.427879553191432,0.72398923346611
0.506221435825992,26163506100,26163506100,"+42.4445674,-083.0320133",0.737521973046396,0.675889328063241,0.231556996317825,0.379917445876506
0.497722602830078,26163506200,26163506200,"+42.4374798,-083.0316910",0.675438129228147,0.66699604743083,0.287071347120269,0.361384887541067
0.591434168616062,26163506300,26163506300,"+42.4265859,-083.0313176",0.780669045970276,0.558300395256917,0.293680198406274,0.73308703483078
0.518180149923921,26163506400,26163506400,"+42.4225996,-083.0523153",0.847187450061258,0.342885375494071,0.127137145998944,0.755510628141409
0.621032072172543,26163506500,26163506500,"+42.4298760,-083.0459797",0.806264315772652,0.49901185770751,0.766193816274228,0.412658298935782
0.647467006310651,26163506600,26163506600,"+42.4370474,-083.0485200",0.743514622063602,0.637351778656127,0.635727820013285,0.573273804509589
0.410472775735791,26163506700,26163506700,"+42.4441868,-083.0465810",0.321632131252331,0.700592885375494,0.256670631204645,0.362995455110694
0.505813919925821,26163506800,26163506800,"+42.4438513,-083.0676404",0.60088957545411,0.549407114624506,0.291036657891872,0.581922331732794
0.505372849906626,26163506900,26163506900,"+42.4368143,-083.0671656",0.643437383476269,0.5800395256917,0.293680198406274,0.50433429205226
0.641238532891643,26163507000,26163507000,"+42.4296948,-083.0621938",0.839397006338891,0.824110671936759,0.332011535865104,0.56943491742582
0.50406613466155,26163507100,26163507100,"+42.4277494,-083.0763573",0.523584403132158,0.572134387351779,0.400743589239558,0.519802158922705
0.599841017202677,26163507200,26163507200,"+42.4209193,-083.0737640",0.831007297714803,0.445652173913043,0.613059242958281,0.509645354224581
0.377247578294671,26163507300,26163507300,"+42.4262623,-083.0877402",0.400135833377723,0.438735177865613,0.264601252747851,0.405518049187496
0.53591566030817,26163507400,26163507400,"+42.4362144,-083.0856365",0.506125818995366,0.50098814229249,0.421891913354774,0.714656766590049
0.494633681595962,26163507500,26163507500,"+42.4432546,-083.0881317",0.519988813721835,0.660079051383399,0.238165847603831,0.560301013674782
0.691162902585714,26163507800,26163507800,"+42.4243919,-083.0970382",0.678647525701806,0.735177865612648,0.412639521554367,0.938186697474037
0.468592845767411,26163507900,26163507900,"+42.4263906,-083.1066037",0.533172641559687,0.315217391304348,0.467178585565089,0.558802764640521
0.677522612550966,26163508000,26163508000,"+42.4392203,-083.1132634",0.954455867469238,0.545454545454545,0.48370375053086,0.726476286749221
0.552548543654808,26163508100,26163508100,"+42.4408940,-083.1014824",0.485564374367443,0.552371541501976,0.510270862494032,0.661987396255781
0.547485659453727,26163510400,26163510400,"+42.4147480,-083.0760398",0.634448409950461,0.621541501976285,0.458901480556403,0.475051245331761
0.564260901549044,26163510500,26163510500,"+42.4086539,-083.0689077",0.771586853459756,0.357707509881423,0.636018695021342,0.491730547833656
0.525999616628339,26163510600,26163510600,"+42.4074065,-083.0465471",0.805665050870932,0.392292490118577,0.481645339642287,0.42439558588156
0.650760462514751,26163510700,26163510700,"+42.3936461,-083.0398776",0.842393330847494,0.388339920948617,0.669463329079488,0.702845269183404
0.748288025969817,26163511000,26163511000,"+42.4008260,-083.0306599",0.66627603473073,0.853754940711463,0.65787709636211,0.815244032074965
0.645677382458706,26163511200,26163511200,"+42.3763856,-083.0658451",0.475643210994513,0.660079051383399,0.734871707729523,0.712115559727387
0.601698567337382,26163511300,26163511300,"+42.4154477,-083.0497684",0.734525648537794,0.536561264822134,0.447531689800286,0.688175666189313
0.706727142017252,26163511400,26163511400,"+42.3900705,-083.0776630",0.662720396313855,0.769762845849802,0.480216630043888,0.914208695861463
0.502814737927699,26163511900,26163511900,"+42.3735241,-083.0718813",0.416249400735098,0.514822134387352,0.379809143806736,0.700378272781609
0.611747002133706,26163512100,26163512100,"+42.3989089,-082.9638962",0.700660523091674,0.807312252964427,0.269600773071844,0.669414459406878
0.697713399135277,26163512200,26163512200,"+42.3953197,-082.9768484",1,0.83102766798419,0.448327318498795,0.511498610058125
0.686159154370625,26163512300,26163512300,"+42.3882982,-082.9663155",0.607481489373036,0.689723320158103,0.677207451676969,0.770224356274394
0.482067460138357,26163512400,26163512400,"+42.3908867,-082.9560714",0.475483407020721,0.558300395256917,0.412639521554367,0.481846516721422
0.548922376130634,26163512600,26163512600,"+42.3820764,-082.9560601",0.749507271080808,0.405138339920949,0.425857224126377,0.615186669394403
0.708692049656015,26163512900,26163512900,"+42.3755477,-082.9504678",0.871158046130081,0.669960474308301,0.489469021844295,0.804180656341384
0.450967825568445,26163513200,26163513200,"+42.3679701,-082.9383380",0.466787407446865,0.688735177865613,0,0.648348716961302
0.302419484241842,26163513300,26163513300,"+42.3582384,-082.9413094",0.301523464550152,0.358695652173913,0.231934320762774,0.317524499480527
0.658635944902111,26163513600,26163513600,"+42.3657136,-082.9802179",0.614845789165291,1,0.220982834260217,0.798715156182935
0.48498612740975,26163513700,26163513700,"+42.3580493,-082.9609921",0.453790017578437,0.736166007905138,0.305576130721083,0.44441235343434
0.604752907425285,26163513900,26163513900,"+42.3722151,-082.9837943",0.712952112075854,0.857707509881423,0.33994215740831,0.508409850335552
0.663037570116539,26163514100,26163514100,"+42.3798303,-082.9893988",0.738121237948117,0.816205533596838,0.33994215740831,0.757881351512891
0.648379509560421,26163514200,26163514200,"+42.3817139,-083.0084252",0.740518297554999,0.680830039525692,0.421891913354774,0.750277787806219
0.781334555583869,26163514300,26163514300,"+42.3888619,-082.9934067",0.81722420497523,0.787549407114625,0.550728154055868,0.969836456189754
0.547208770970781,26163514500,26163514500,"+42.3753160,-082.9999028",0.69797048953284,0.6699604743083,0.458901480556403,0.362002639485581
0.434516558712398,26163515200,26163515200,"+42.3616627,-083.0056672",0.433668033878442,0.66897233201581,0.201156280402202,0.434269588553137
0.571335058960228,26163515300,26163515300,"+42.3532902,-083.0005510",0.562922814680658,0.571146245059289,0.445850603356661,0.705420572744303
0.368203637530273,26163515400,26163515400,"+42.3609676,-082.9963793",0.184520321738667,0.387351778656126,0.339608506663774,0.561333943062525
0.499056075504126,26163515600,26163515600,"+42.3639483,-082.9917654",0.448676290417088,0.505928853754941,0.281784266091465,0.759834891753012
0.450954660496288,26163515700,26163515700,"+42.3530390,-082.9871415",0.311444627923081,0.58102766798419,0.363400371293393,0.547945974784489
0.579359477251799,26163515900,26163515900,"+42.3829752,-083.0169292",0.739319767751558,0.527667984189723,0.400743589239558,0.649706567826356
0.468186611093599,26163516000,26163516000,"+42.3714831,-083.0093251",0.434893197677516,0.557312252964427,0.199834510145001,0.680706483587454
0.498309531461484,26163516100,26163516100,"+42.3756603,-083.0258411",0.695573429925958,0.570158102766798,0.419248372840372,0.308258220312807
0.752251606098251,26163516200,26163516200,"+42.3661558,-083.0189390",0.841794065945773,0.937747035573123,0.369021103066733,0.860444219807374
0.491747857199572,26163516300,26163516300,"+42.3595713,-083.0152242",0.705161668353486,0.451581027667984,0.144320159342557,0.66592857343426
0.330102290892598,26163516400,26163516400,"+42.3508558,-083.0096137",0.161175624567198,0.611660079051383,0.124493605484542,0.423079854467269
0.232016902360051,26163516500,26163516500,"+42.3375655,-083.0148583",0.0945240504980557,0.234189723320158,0.336809259203265,0.262544576418724
0.708532680345165,26163516600,26163516600,"+42.3413645,-083.0201887",0.865764662014595,0.91403162055336,0.597197999871869,0.457136438940836
0.604583440958259,26163516700,26163516700,"+42.3483954,-083.0210206",0.510999840196026,0.788537549407115,0.866753580867922,0.252042793361975
0.489056463392751,26163516800,26163516800,"+42.3560005,-083.0254934",0.357508123368668,0.504940711462451,0.397610691034513,0.696166327705373
0.482354931252237,26163516900,26163516900,"+42.3446547,-083.0302450",0.515793959409791,0.602766798418972,0.416115474635327,0.394743492544857
0.335148744649534,26163517000,26163517000,"+42.3408105,-083.0361037",0.316238747136846,0.279644268774704,0.33020040791726,0.414511554769326
0.334256122290727,26163517100,26163517100,"+42.3358287,-083.0330442",0.235591008363075,0.401185770750988,0.320948016116853,0.379299693931991
0.341173239089009,26163517200,26163517200,"+42.3338393,-083.0390113",0.105044478772705,0.0197628458498024,0.577037795269317,0.662847836464212
0.513198471745318,26163517300,26163517300,"+42.3456895,-083.0505419",0.560738827038832,0.518774703557312,0.340774569974868,0.63250578641026
0.490003492592237,26163517500,26163517500,"+42.3541327,-083.0560746",0.427808554839397,0.555335968379447,0.396288920777312,0.580580526372793
0.323272185997022,26163518000,26163518000,"+42.3624987,-083.0613713",0.346228626218505,0.274703557312253,0.111275902912531,0.560880657544797
0.482648488915683,26163518400,26163518400,"+42.3698286,-083.0441079",0.811231555958025,0.470355731225296,0.0967364300833199,0.552270238396091
0.569243936174372,26163518500,26163518500,"+42.3732892,-083.0345719",0.497816012358174,0.700592885375494,0.500381112220088,0.578185734743733
0.476456799451385,26163518600,26163518600,"+42.3647264,-083.0294479",0.52598146273904,0.568181818181818,0.337298616893908,0.474365299990774
0.4880570722588,26163518800,26163518800,"+42.3597016,-083.0372366",0.598958610770788,0.646245059288538,0.182651496801387,0.524373122174487
0.729174842642724,26163518900,26163518900,"+42.3525953,-083.0435070",0.768084483034145,0.758893280632411,0.762085631277462,0.627635975626878
0.405956377265713,26163520200,26163520200,"+42.3572141,-083.0699378",0.517538486123688,0,0.400816307991572,0.705470714947592
0.299362925636529,26163520300,26163520300,"+42.3497881,-083.0627334",0.246311191604965,0.00988142292490118,0.313017394573646,0.628241693442603
0.626512141526163,26163520400,26163520400,"+42.3481561,-083.0675930",0.709955787567251,0.480237154150198,0.658072150455131,0.657783473932071
0.298784612102807,26163520700,26163520700,"+42.3347168,-083.0554556",0.115604858040803,0.172924901185771,0.30508677303044,0.601521916154213
0.29387288836171,26163520800,26163520800,"+42.3254678,-083.0537969",0,0.216403162055336,0.621178077741995,0.33791031364951
0.514770122649615,26163521100,26163521100,"+42.3208768,-083.0808652",0.519975496724018,0.41205533596838,0.484609698180281,0.642439959725782
0.499414744116377,26163521300,26163521300,"+42.3341230,-083.0929489",0.591900601928301,0.427865612648221,0.421402555664131,0.556490206224854
0.375472436984182,26163521400,26163521400,"+42.3305838,-083.0730165",0.290390454375966,0.227272727272727,0.611104391801191,0.373122174486845
0.434604349776004,26163521500,26163521500,"+42.3368603,-083.0763920",0.21112768337506,0.644268774703557,0.133745997284949,0.749274943740448
0.526459768246777,26163521800,26163521800,"+42.3461214,-083.0712523",0.695000799019869,0.822134387351779,0.232878766575027,0.355825120040435
0.321675723879814,26163521900,26163521900,"+42.3503993,-083.0805337",0.338691205454642,0.33695652173913,0.104667051626526,0.506388116698958
0.653414085456528,26163522000,26163522000,"+42.3435757,-083.0875891",0.760893304213498,0.839920948616601,0.314828522521491,0.698013566474522
0.525630051729318,26163522100,26163522100,"+42.3435090,-083.1014140",0.322231396154051,0.554347826086957,0.589267378328663,0.636673606347602
0.673839233015765,26163522200,26163522200,"+42.3511187,-083.1065656",0.624287540616843,0.50296442687747,0.764429741636511,0.803675222932236
0.68974451108489,26163522300,26163522300,"+42.3565382,-083.0965947",0.778271986363394,0.872529644268775,0.312184982007089,0.795991431700302
0.593980301370935,26163522400,26163522400,"+42.3609881,-083.0833636",0.636738933574815,0.763833992094862,0.22494814503182,0.750400134782242
0.670284986012784,26163522500,26163522500,"+42.3411363,-083.0606837",0.685652266553028,0.574110671936759,0.721470069490653,0.699906936070697
0.572938783020027,26163523100,26163523100,"+42.3259510,-083.1023821",0.583457625312949,0.362648221343874,0.747174009540883,0.598475275882402
0.604447369878071,26163523200,26163523200,"+42.3144563,-083.1042425",0.712952112075854,0.458498023715415,0.75893305949896,0.487406284222054
0.595111154123508,26163523300,26163523300,"+42.3172270,-083.0975239",0.79505140361157,0.409090909090909,0.526427258162149,0.649875045629405
0.536854484793449,26163523400,26163523400,"+42.3196503,-083.0910903",0.470329728865925,0.58201581027668,0.539713401912526,0.555358998118665
0.595578583556639,26163523800,26163523800,"+42.3078841,-083.1139929",0.808235231449422,0.411067193675889,0.498601641582561,0.664410267518683
0.649107204032998,26163524000,26163524000,"+42.3169861,-083.1199144",0.880746284557609,0.66897233201581,0.521003294776612,0.525706904781962
0.546925273719495,26163524100,26163524100,"+42.3113650,-083.1373320",0.831606562616524,0.450592885375494,0.513846914063676,0.391654732822284
0.582146037551321,26163524200,26163524200,"+42.3070018,-083.1291089",0.809487029244127,0.537549407114625,0.480302181516846,0.501245532329687
0.5720502988074,26163524300,26163524300,"+42.3001177,-083.1320379",0.832805092419965,0.58102766798419,0.506806027839233,0.367562406986213
0.404365396987246,26163524500,26163524500,"+42.2868892,-083.1512103",0.472646886485911,0.58201581027668,0.425040207559629,0.137758683626766
0.562144175779024,26163524700,26163524700,"+42.2739530,-083.1526152",0.590515634155436,0.408102766798419,0.663711706817845,0.586246595344397
0.553626133419725,26163524800,26163524800,"+42.2630997,-083.1615912",0.587106482714537,0.83399209486166,0.568544248299371,0.22486170780333
0.57788180278491,26163524900,26163524900,"+42.2904837,-083.1246926",0.482075320939647,0.645256916996048,0.70813687243015,0.476058100773795
0.550766716048706,26163525000,26163525000,"+42.3036532,-083.0973176",0.569607947584297,0.4199604743083,0.44821610158395,0.765282340718277
0.635859063050559,26163525400,26163525400,"+42.3391838,-083.1140246",0.699768284238001,0.602766798418972,0.734071801457366,0.506829368087897
0.719418273986892,26163525500,26163525500,"+42.3340140,-083.1093553",0.768084483034145,0.764822134387352,0.961142520982478,0.383623957543594
0.487198964461312,26163525600,26163525600,"+42.3282644,-083.1115806",0.468745006125819,0.546442687747036,0.727279014504501,0.206329149467891
0.475313828731182,26163525700,26163525700,"+42.3267956,-083.1262619",0.635247429819422,0.374505928853755,0.740770481789977,0.150731474461573
0.645546762923199,26163525800,26163525800,"+42.3332194,-083.1284291",0.65482341660896,0.50296442687747,0.780992506801179,0.643406701405185
0.545188097338508,26163526000,26163526000,"+42.3259356,-083.1429717",0.879547754754168,0.346837944664032,0.452134359045426,0.502232330890405
0.583959685760567,26163526100,26163526100,"+42.3334778,-083.1520873",0.939474244926224,0.435770750988142,0.445388625402688,0.515205121725213
0.58950595888565,26163526200,26163526200,"+42.3372007,-083.1452619",0.869360251424919,0.405138339920949,0.467995602131838,0.615529642064896
0.665698636952172,26163526300,26163526300,"+42.3390784,-083.1384863",0.760294039311778,0.447628458498024,0.791635110037154,0.663236939961732
0.557022998337482,26163526400,26163526400,"+42.3405358,-083.1309829",0.75150482075321,0.50296442687747,0.598029563454344,0.375593182264903
0.746078898121976,26163526500,26163526500,"+42.3481772,-083.1404328",0.808714643370798,0.682806324110672,0.787500410614417,0.705294214392016
0.714965179736266,26163527200,26163527200,"+42.3515946,-083.1186144",0.69797048953284,0.644268774703557,0.798143013850392,0.719478440858274
0.737035031873609,26163527300,26163527300,"+42.3457181,-083.1184380",0.601129281414798,0.708498023715415,1,0.638512822364225
0.487116641566676,26163530100,26163530100,"+42.4096746,-083.1216653",0.459622862621851,0.673913043478261,0.305576130721083,0.509354529445507
0.498549967460276,26163530200,26163530200,"+42.4111231,-083.1341948",0.589836467266819,0.524703557312253,0.290956281956496,0.588703563305535
0.621049139499875,26163530300,26163530300,"+42.4008029,-083.1306653",0.600223725563309,0.640316205533597,0.596870340995763,0.646786285906832
0.560064314346087,26163530400,26163530400,"+42.3909517,-083.1361282",0.600037287593885,0.806324110671937,0.269888333776655,0.56400752534187
0.513424671924941,26163530500,26163530500,"+42.3844331,-083.1340130",0.54755499920098,0.691699604743083,0.354481630237522,0.459962453518178
0.622393197296725,26163530800,26163530800,"+42.3716662,-083.1339332",0.814227880466628,0.776679841897233,0.240809388118233,0.657855678704807
0.670690210284369,26163530900,26163530900,"+42.3753050,-083.1262756",0.693775635220796,0.653162055335968,0.519279432596509,0.816543717984203
0.69700242960775,26163531100,26163531100,"+42.3748819,-083.1152689",0.739319767751558,0.607707509881423,0.523035142259365,0.917947298538656
0.29236597377446,26163531200,26163531200,"+42.3788297,-083.1020097",0.356988760453843,0.24703557312253,0.21173044245981,0.353709119061659
0.392071787428946,26163531300,26163531300,"+42.3833022,-083.1097921",0.30393384115485,0.426877470355731,0.259314171719047,0.578161666486155
0.54487762725182,26163531400,26163531400,"+42.3803842,-083.1189728",0.346388430192298,0.577075098814229,0.631762509241682,0.624284470759073
0.623920117503381,26163531500,26163531500,"+42.3870970,-083.1235622",0.684493687743035,0.812252964426877,0.386204116410346,0.612729701433265
0.582543605061942,26163531600,26163531600,"+42.3941530,-083.1282997",0.5685292707612,0.478260869565217,0.636754437688781,0.646629842232572
0.600117737987647,26163531700,26163531700,"+42.3980117,-083.1171527",0.574561870771853,0.654150197628459,0.443040237469991,0.728718646080284
0.583418133999154,26163531800,26163531800,"+42.3903871,-083.1146956",0.844191125552655,0.708498023715415,0.244774698889836,0.536208687838711
0.514593549945047,26163531900,26163531900,"+42.3902385,-083.1062989",0.75190433068769,0.393280632411067,0.178686186029784,0.734503050651648
0.509158526739595,26163532200,26163532200,"+42.3884007,-083.0939521",0.597293986043786,0.439723320158103,0.471533155538651,0.528083645217838
0.347147198063046,26163532300,26163532300,"+42.3840376,-083.0891148",0.360584349864167,0.562252964426877,0.128458916256145,0.337292561704995
0.545307578357555,26163532400,26163532400,"+42.3784502,-083.0840723",0.614073403291962,0.565217391304348,0.214373982974212,0.787565535859698
0.499464232805668,26163532600,26163532600,"+42.3689514,-083.0885598",0.539165290576892,0.525691699604743,0.210408672202609,0.722591268838426
0.615704581386287,26163532700,26163532700,"+42.3752477,-083.0927712",0.638043999360784,0.49604743083004,0.516473344283487,0.812253551070837
0.821036962410837,26163533000,26163533000,"+42.3655279,-083.0976664",0.710555052468971,0.848814229249012,0.76174941725406,0.963029150671304
0.589815564187675,26163533100,26163533100,"+42.3718956,-083.1019312",0.505872796036861,0.595849802371541,0.412639521554367,0.844900136787931
0.561176858364984,26163533200,26163533200,"+42.3687113,-083.1111289",0.490624833537527,0.719367588932806,0.369021103066733,0.665693907922869
0.608354393851915,26163533300,26163533300,"+42.3621943,-083.1067231",0.659018270921004,0.787549407114625,0.285749576863068,0.701100320508964
0.516261035479014,26163533400,26163533400,"+42.3633711,-083.1191094",0.581939487561924,0.5800395256917,0.458901480556403,0.444163648106029
0.665968724146541,26163533500,26163533500,"+42.3624806,-083.1312395",0.764488893623821,0.896245059288538,0.458901480556403,0.544239463117401
0.62171699673203,26163533600,26163533600,"+42.3563635,-083.1217128",0.920897032972887,0.799407114624506,0.3267244548363,0.439839384494426
0.501043228795355,26163533700,26163533700,"+42.3569040,-083.1335477",0.390547594950194,0.557312252964427,0.640150831165213,0.416162236101584
0.286154823029121,26163533900,26163533900,"+42.3685171,-083.0774349",0.219850316944548,0.197628458498024,0.112597673169732,0.614542843504178
0.434395387562168,26163534100,26163534100,"+42.3750600,-083.1423228",0.281614552815213,0.289525691699605,0.632994450452277,0.533446855281579
0.618237131007225,26163534200,26163534200,"+42.3798594,-083.1559200",0.727933734618868,0.83102766798419,0.322471583359886,0.591515538065955
0.551080928530627,26163534300,26163534300,"+42.3749313,-083.1627851",0.630253555638417,0.74802371541502,0.443040237469991,0.383006205599079
0.707271343279875,26163534400,26163534400,"+42.3693259,-083.1588593",0.76269109891866,0.755928853754941,0.590381261771899,0.720084158673999
0.48636309177822,26163534500,26163534500,"+42.3652492,-083.1451954",0.75190433068769,0.49802371541502,0.368733542361922,0.326790778648247
0.553817517987475,26163534600,26163534600,"+42.3555106,-083.1437193",0.650029297395195,0.50098814229249,0.536692471646707,0.527560160615506
0.615262071211598,26163534700,26163534700,"+42.3591263,-083.1538569",0.61167634368508,0.896245059288538,0.368733542361922,0.584393339510853
0.559844745878059,26163535000,26163535000,"+42.3603948,-083.1762139",0.607068662440739,0.91699604743083,0.236556516641819,0.478757756998849
0.754174144804507,26163535100,26163535100,"+42.3694786,-083.1753696",0.783066105577159,0.979249011857707,0.458901480556403,0.795479981226759
0.487733995488992,26163535200,26163535200,"+42.3783005,-083.1753987",0.531374846854525,0.553359683794466,0.191616327896983,0.674585123409991
0.660579768923639,26163535300,26163535300,"+42.3727250,-083.1899689",0.648231502690034,0.756916996047431,0.652504463860348,0.584666113096743
0.745989659267878,26163535400,26163535400,"+42.3619120,-083.1897249",0.735724178341235,0.722332015810277,0.717882899494848,0.808019543425154
0.574800036460734,26163535500,26163535500,"+42.3546687,-083.1894514",0.62306237681777,0.738142292490119,0.293680198406274,0.644315278128773
0.533830965292726,26163535600,26163535600,"+42.3551099,-083.1675599",0.509961114366377,0.844861660079051,0.399348136959941,0.381152949765535
0.591778020233421,26163535700,26163535700,"+42.3624512,-083.1629391",0.53616896606829,0.871541501976285,0.303966799759071,0.655434813130037
0.619162688357622,26163536100,26163536100,"+42.4134413,-083.1504213",0.691511745592074,0.756916996047431,0.241883957067789,0.786338054723195
0.402742114526571,26163536200,26163536200,"+42.4127063,-083.1641142",0.434187396793267,0.600790513833992,0.30665069967064,0.269339847808385
0.536625244641442,26163536300,26163536300,"+42.4061973,-083.1501123",0.618268257604006,0.569169960474308,0.310575651045077,0.648487109442379
0.476945910911702,26163536400,26163536400,"+42.3989571,-083.1498100",0.628455760933255,0.605731225296443,0.278853164872252,0.394743492544857
0.538241661027334,26163536500,26163536500,"+42.3884460,-083.1445271",0.640441058967666,0.627470355731225,0.287071347120269,0.597983882290175
0.533044503459826,26163536600,26163536600,"+42.3899155,-083.1588972",0.571139402333138,0.592885375494071,0.35287229927551,0.615280936736585
0.589665209631113,26163536700,26163536700,"+42.3987581,-083.1643604",0.657220476215842,0.670948616600791,0.335689285931896,0.694802459775925
0.584947107083871,26163536800,26163536800,"+42.4064903,-083.1658850",0.577385074308848,0.544466403162055,0.450259818517244,0.767677132347337
0.632151450076642,26163536900,26163536900,"+42.4129308,-083.1776478",0.620066052309167,0.843873517786561,0.309253880787876,0.755412349422964
0.61773165011018,26163537000,26163537000,"+42.4057432,-083.1771291",0.586906727747297,0.839920948616601,0.249774219213829,0.794324704862992
0.614887537468499,26163537100,26163537100,"+42.3979765,-083.1765031",0.804040377137378,0.66600790513834,0.358159380304314,0.631342487293966
0.470683786977464,26163537200,26163537200,"+42.3881477,-083.1758564",0.449275555318809,0.716403162055336,0.310575651045077,0.406480779490636
0.657595681828267,26163537300,26163537300,"+42.3848282,-083.1918279",0.639335748148937,0.764822134387352,0.335689285931896,0.890535558844884
0.437471334464575,26163537500,26163537500,"+42.4053507,-083.1917756",0.365152080115059,0.646245059288538,0.112350471862088,0.626137726592617
0.622914565186366,26163537600,26163537600,"+42.4126361,-083.1920649",0.506804985883982,0.715415019762846,0.557250490598514,0.712187764500122
0.569801305287523,26163537700,26163537700,"+42.3980970,-083.1914647",0.628562296915783,0.680830039525692,0.273606443240614,0.696206441468003
0.550267490590272,26163537800,26163537800,"+42.3918919,-083.1877019",0.575494060618974,0.766798418972332,0.257704840757035,0.601072642012748
0.306034100817132,26163538100,26163538100,"+42.4413341,-083.1269354",0.315040217333404,0.49802371541502,0.273931538837855,0.137140931682251
0.185256736480286,26163538200,26163538200,"+42.4349753,-083.1300384",0.117322750759069,0.359683794466403,0.264020400695671,0
0.303137675119803,26163538300,26163538300,"+42.4269590,-083.1237435",0.353779363980184,0.381422924901186,0.039653107716031,0.437695303881809
0.245255891250998,26163538400,26163538400,"+42.4244427,-083.1362309",0.274103766046982,0.273715415019763,0.311852229226486,0.12135215471076
0.519512066602381,26163538500,26163538500,"+42.4206842,-083.1507627",0.490624833537527,0.604743083003953,0.566042765679283,0.416637584188759
0.446539282150718,26163538600,26163538600,"+42.4278669,-083.1510894",0.3578676823097,0.516798418972332,0.510939061947038,0.4005519653738
0.512640052942401,26163538700,26163538700,"+42.4240331,-083.1655643",0.433002183987642,0.74901185770751,0.302685388899037,0.565860781175414
0.426876688455293,26163538800,26163538800,"+42.4350112,-083.1659258",0.359385820060726,0.693675889328063,0.30665069967064,0.347794344761744
0.448935546667983,26163538900,26163538900,"+42.4350607,-083.1513465",0.319794385553721,0.596837944664032,0.450390006961017,0.428719849493163
0.499477401435892,26163539000,26163539000,"+42.4423439,-083.1516011",0.41607627976349,0.547430830039526,0.269888333776655,0.764514162163897
0.615890604464364,26163539100,26163539100,"+42.4421933,-083.1662919",0.435652266553028,0.739130434782609,0.620989864501487,0.66778985202033
0.66806139200876,26163539200,26163539200,"+42.4418860,-083.1852528",0.729811431310925,0.598814229249012,0.343619907475102,1
0.40064513233109,26163539300,26163539300,"+42.4348464,-083.1809086",0.217080381398817,0.677865612648221,0.360802920818716,0.346831614458605
0.433101049594756,26163539400,26163539400,"+42.4258579,-083.1758620",0.378056250998775,0.523715415019763,0.310575651045077,0.520056881315411
0.444441165192806,26163539500,26163539500,"+42.4198239,-083.1873321",0.286488574015874,0.525691699604743,0.257704840757035,0.707879546393572
0.512442818425983,26163539600,26163539600,"+42.4267839,-083.1911640",0.464257177861823,0.507905138339921,0.310575651045077,0.767033306457113
0.533328512513233,26163539700,26163539700,"+42.4346911,-083.1956884",0.423227507590689,0.648221343873518,0.364768231590319,0.697096966998408
0.525150996441496,26163540100,26163540100,"+42.4409076,-083.2102951",0.578716774090449,0.463438735177866,0.471335423880446,0.587113052617223
0.659490901594064,26163540200,26163540200,"+42.4338414,-083.2097474",0.753102860491131,0.717391304347826,0.65658858342369,0.51088085811361
0.5433296677091,26163540300,26163540300,"+42.4266089,-083.2094015",0.509867895381665,0.812252964426877,0.368733542361922,0.482464268665937
0.579964711345447,26163540400,26163540400,"+42.4193657,-083.2091493",0.685985191498429,0.631422924901186,0.22998802475298,0.772462704229194
0.465155789708008,26163540500,26163540500,"+42.4237296,-083.2251159",0.613367602407713,0.538537549407115,0.248492808353794,0.460225198663409
0.454478837179231,26163540600,26163540600,"+42.4224753,-083.2339950",0.510400575294306,0.634387351778656,0.148038268806516,0.525089152837447
0.612351366384882,26163540700,26163540700,"+42.4334044,-083.2292261",0.566731476056038,0.83596837944664,0.526648728721439,0.520056881315411
0.474880813639264,26163540800,26163540800,"+42.4405745,-083.2295474",0.53676823097001,0.58695652173913,0.278853164872252,0.496945336975663
0.531079909320233,26163540900,26163540900,"+42.4401121,-083.2489699",0.526580727640761,0.767786561264822,0.445818946046343,0.384133402329005
0.604803533089891,26163541000,26163541000,"+42.4329511,-083.2487283",0.619466787407447,0.703557312252965,0.497933376823087,0.598256655876065
0.550011259833555,26163541100,26163541100,"+42.4222559,-083.2439581",0.820659990411762,0.719367588932806,0.100454539547279,0.559562920442375
0.65918406645306,26163541200,26163541200,"+42.4220120,-083.2537031",0.651973579076333,0.646245059288538,0.475732769590487,0.862784857856882
0.589594167793172,26163541300,26163541300,"+42.4215788,-083.2821395",0.711154317370692,0.630434782608696,0.377165603292334,0.639621967900967
0.612460613278803,26163541400,26163541400,"+42.4244065,-083.2688858",0.521786608426996,0.906126482213439,0.422790203820833,0.599139158653943
0.548019612436348,26163541500,26163541500,"+42.4362189,-083.2633513",0.562443402759282,0.494071146245059,0.440095552505453,0.695468348235596
0.522896022349494,26163541700,26163541700,"+42.4361333,-083.2731759",0.667407979545091,0.634387351778656,0.26675543557161,0.523033322502617
0.508615369184109,26163541800,26163541800,"+42.4356241,-083.2828630",0.508003515687423,0.627470355731225,0.501155353050358,0.39783225226743
0.488631180866226,26163542100,26163542100,"+42.4121468,-083.2090072",0.434280615777979,0.591897233201581,0.248492808353794,0.679854066131549
0.506747296957245,26163542200,26163542200,"+42.4049237,-083.2086673",0.452498268790284,0.693675889328063,0.30665069967064,0.574164330039993
0.436097777645618,26163542300,26163542300,"+42.3984056,-083.2054071",0.500519362914825,0.576086956521739,0.179760754979341,0.488024036166569
0.447666830954806,26163542400,26163542400,"+42.3908903,-083.2036174",0.52598146273904,0.700592885375494,0.210121111497798,0.353971864206891
0.447515659139276,26163542500,26163542500,"+42.3927935,-083.2132702",0.38107920950301,0.604743083003953,0.516985689850833,0.287254654199309
0.573168587148671,26163542600,26163542600,"+42.3829687,-083.2077387",0.481183082085975,0.709486166007905,0.368733542361922,0.733271558138882
0.474044634050757,26163542700,26163542700,"+42.3824612,-083.2268100",0.660816065626165,0.536561264822134,0.100414180150112,0.598387025604615
0.349787153974321,26163542800,26163542800,"+42.3901406,-083.2243491",0.201233153997763,0.49901185770751,0.372112825543763,0.326790778648247
0.35769391025647,26163542900,26163542900,"+42.3988392,-083.2260719",0.319195120652,0.521739130434783,0.357566658801591,0.232274731137506
0.295621178972223,26163543000,26163543000,"+42.4068106,-083.2257349",0.270761199595163,0.510869565217391,0.0687320533744538,0.332121897701883
0.301072410705204,26163543100,26163543100,"+42.4126595,-083.2284219",0.304253449102434,0.462450592885376,0.037009567201629,0.400576033631379
0.420096949388934,26163543200,26163543200,"+42.4112995,-083.2475927",0.308754594364247,0.476284584980237,0.207517930380562,0.687830687830688
0.428362300361143,26163543400,26163543400,"+42.4015679,-083.2374736",0.509801310392585,0.532608695652174,0.129533485205701,0.54150571019411
0.524811204380266,26163543500,26163543500,"+42.4040427,-083.2498756",0.833404357321685,0.650197628458498,0.0528708102880414,0.56277202145284
0.640911480808739,26163543600,26163543600,"+42.3968066,-083.2510232",0.67719597293986,0.702569169960474,0.741570388062135,0.442310392272485
0.744113185670611,26163543700,26163543700,"+42.3894635,-083.2386147",0.868108453630214,0.895256916996047,0.542826512257796,0.670260859798388
0.517158878969894,26163543800,26163543800,"+42.3894072,-083.2540332",0.552748628349225,0.570158102766798,0.375140596662095,0.570588188101456
0.6261887532576,26163543900,26163543900,"+42.3819469,-083.2493385",0.874127736643051,0.764822134387352,0.437263798750544,0.428541343249456
0.57227090830118,26163544000,26163544000,"+42.3823964,-083.2671854",0.449009215362489,0.370553359683794,0.740864588410231,0.728656469748206
0.474724874247634,26163544100,26163544100,"+42.3929346,-083.2685039",0.377590156075214,0.574110671936759,0.479560446980977,0.467638221997585
0.584124632379351,26163544200,26163544200,"+42.4073688,-083.2619700",0.441258722633569,0.680830039525692,0.439476055350889,0.774933712007253
0.445894673729315,26163544300,26163544300,"+42.4086903,-083.2749743",0.49756298939967,0.551383399209486,0.145641929599758,0.588990376708345
0.472465107656096,26163545100,26163545100,"+42.3757244,-083.2071726",0.542760879987216,0.564229249011858,0.33994215740831,0.442928144217
0.58616179590657,26163545200,26163545200,"+42.3688227,-083.2069235",0.274276887018591,0.454545454545455,0.741948528837932,0.873876313224304
0.692959128972857,26163545300,26163545300,"+42.3616038,-083.2068681",0.577371757311032,0.847826086956522,0.533087440331929,0.813551231291944
0.686409682399232,26163545400,26163545400,"+42.3543681,-083.2066365",0.769882277739306,0.925889328063241,0.481037924184285,0.568829199610094
0.692886421476156,26163545500,26163545500,"+42.3471339,-083.2064028",0.948103659511,0.578063241106719,0.490854955706215,0.754523829580691
0.577190788893564,26163545600,26163545600,"+42.3399009,-083.2060508",0.790257284397805,0.410079051383399,0.449285494995925,0.659141324797125
0.604109035106201,26163545700,26163545700,"+42.3328249,-083.2242628",0.673999893464018,0.631422924901186,0.449400989484418,0.661612332575183
0.680710383470595,26163545800,26163545800,"+42.3396092,-083.2268502",0.848385979864699,0.671936758893281,0.475151982844775,0.727366812279625
0.602672453839192,26163545900,26163545900,"+42.3468695,-083.2259311",0.591301337026581,0.652173913043478,0.456424765414269,0.710789799872438
0.700355281949825,26163546000,26163546000,"+42.3540965,-083.2261440",0.691378575613914,0.786561264822134,0.494803156183226,0.828678131180027
0.594658629376401,26163546100,26163546100,"+42.3508568,-083.2405854",0.841194801044053,0.629446640316206,0.311862449688714,0.596130626456631
0.478792608902824,26163546200,26163546200,"+42.3464216,-083.2528230",0.59070207212486,0.58596837944664,0.247138482822342,0.491361501217453
0.387268526998213,26163546300,26163546300,"+42.3664397,-083.2586109",0.334016939221222,0.298418972332016,0.634943309740937,0.281694886698678
0.706320350971849,26163546400,26163546400,"+42.3754399,-083.2413545",0.814827145368348,0.692687747035573,0.53507479778342,0.782691713700053
0.674401600077744,26163546500,26163546500,"+42.3682497,-083.2411333",0.66620944974165,0.810276679841897,0.525822405983013,0.695297864744415
0.610143872086014,26163546600,26163546600,"+42.3610566,-083.2415451",0.878948489852448,0.706521739130435,0.10021238316428,0.754892876196894
0.452864756300732,26163546700,26163546700,"+42.3613063,-083.2262460",0.637444734459064,0.58201581027668,0.063202815962651,0.528795664504535
0.705875125645679,26163546800,26163546800,"+42.3697567,-083.2297901",0.791455814201246,0.643280632411067,0.54697073009823,0.841793325872174
0.545331368522348,26163546900,26163546900,"+42.3739170,-083.2228469",0.500812336866777,0.674901185770751,0.458901480556403,0.54671047089546
0.287045809089368,26163550100,26163550100,"+42.3681537,-082.9237513",0.200993448037075,0.395256916996047,0.19524129401109,0.35669157731326
0.381113625893701,26163551600,26163551600,"+42.4340457,-082.9401024",0.543959409790657,0.486166007905138,0.204846112165557,0.289482973713451
0.63373761787998,26163552800,26163552800,"+42.3879631,-083.0514612",0.900522026314388,0.446640316205534,0.461955668141004,0.725832460858996
0.567677460375879,26163553300,26163553300,"+42.3971272,-083.1054361",0.582312363500772,0.740118577075099,0.309541441492687,0.638737459434958
0.433733617072832,26163553600,26163553600,"+42.4008134,-083.0848809",0.470928993767645,0.535573122529644,0.244774698889836,0.483657653104204
0.281881760499427,26163555400,26163555400,"+42.3676767,-083.2707820",0.239386352740638,0.33498023715415,0.325554962935641,0.227605489167278
0.604770483732823,26163573500,26163573500,"+42.3143412,-083.1525188",0.80129707558728,0.430830039525692,0.675456209760195,0.511498610058125
0.548321053701855,26163573600,26163573600,"+42.3391406,-083.1605742",0.891533052788579,0.399209486166008,0.356200251573576,0.546341424279256
0.497177215186094,26163577000,26163577000,"+42.2522226,-083.1670939",0.392039098705588,0.490118577075099,0.44899034241422,0.65756084254947
0.464272268631398,26163577100,26163577100,"+42.2577829,-083.1756791",0.552708677355777,0.492094861660079,0.428184224190835,0.3841013113189
0.496847917714497,26163578600,26163578600,"+42.2757597,-083.1776386",0.551084003622223,0.478260869565217,0.436046404555675,0.522000393114874
0.295270019489115,26163579900,26163579900,"+42.3201738,-083.2373533",0.242103020295105,0.294466403162055,0.245442898342842,0.39906775615646
0.552691191051772,26163985000,26163985000,"+42.3453308,-083.1280797",0.696771959729399,0.5800395256917,0.490134609038585,0.443818669747404
0.248937700297327,26163985100,26163985100,"+42.3777226,-083.0564328",0.211367389335748,0.0365612648221344,0.172077334743779,0.575744812287648
0.508661343784281,26163985200,26163985200,"+42.3785776,-082.9715216",0.708157992862089,0.5800395256917,0.269888333776655,0.47655952280668
0.264911368668687,26163985300,26163985300,"+42.3203926,-083.0701382",0.216760773451233,0.0197628458498024,0.301121462258837,0.522000393114874
0.462049039156942,26163985500,26163985500,"+42.3418558,-082.9781710",0.696771959729399,0.5800395256917,0.102855923678682,0.468528747527989
0.527363361326671,26163985700,26163985700,"+42.3018740,-083.1653012",0.696771959729399,0.5800395256917,0.490134609038585,0.342507350847002
0.566899485775609,26163985900,26163985900,"+42.3662243,-083.0526570",0.696771959729399,0.5800395256917,0.490134609038585,0.500651848642751
