row#,Name,FIPS,Source,ToxPi Score,Baseline.Health,Baseline.SocialEconomic,Baseline.Infrastructure,Baseline.Environment,ClimateChange.Health,ClimateChange.SocialEconomic,ClimateChange.ExtremeEvents
1,26163500100,26163500100,"+42.4444014,-082.9509210",0.3517066724648,0.328490071355842,0.364906724377767,0.365996497166252,0.299610614385062,0.684411980828919,0.417826842980918,0.000703976158841428
2,26163500200,26163500200,"+42.4461071,-082.9633178",0.301912816331281,0.260867425537927,0.391739067862852,0.229885900757048,0.441010418362411,0.443078998453591,0.346807903345139,0
3,26163500300,26163500300,"+42.4388723,-082.9656436",0.404439718661879,0.457045375906293,0.599362132411371,0.378422040261473,0.357453431925522,0.554974281358646,0.347953370113458,0.135867398656393
4,26163500400,26163500400,"+42.4261558,-082.9793388",0.441166747217544,0.661952231800956,0.532501348592218,0.489417073871187,0.438080499314784,0.570334177826035,0.224815692519163,0.171066206598463
5,26163500500,26163500500,"+42.4241342,-082.9679434",0.31305362332458,0.2250815063521,0.402040516863515,0.410935590022465,0.225905564012104,0.516149551980171,0.277507163861838,0.133755470179868
6,26163500600,26163500600,"+42.4315247,-082.9651767",0.293409428749589,0.358200613587167,0.306510160119313,0.288632181569762,0.300381381906466,0.138047138047138,0.408663108834365,0.253431417182908
7,26163500700,26163500700,"+42.4295995,-082.9473259",0.445078235274307,0.427536771273403,0.526841519320485,0.613585824950954,0.319422937371066,0.664610272102129,0.451618112646329,0.111932209255785
8,26163500800,26163500800,"+42.4246567,-082.9351961",0.422316890829786,0.453000374722494,0.476921405672541,0.481650228892202,0.309884937833993,0.86356507529146,0.323325834594599,0.047870378801216
9,26163500900,26163500900,"+42.4223549,-082.9475917",0.399509895293823,0.657427146925729,0.514051498145306,0.362277901472212,0.27759342342373,0.462189758606697,0.419545043133396,0.103484495349688
10,26163501000,26163501000,"+42.4187276,-082.9515638",0.366960853134472,0.541181025491502,0.583526856863125,0.236001132992459,0.313229262008768,0.471007578499435,0.361126237949126,0.0626538781368857
11,26163501100,26163501100,"+42.4128315,-082.9601612",0.449763075879992,0.565209749436872,0.576060919167007,0.684783036252236,0.37845130937613,0.41513945097007,0.413244975907642,0.115452090049992
12,26163501200,26163501200,"+42.4114379,-082.9513090",0.398240235126508,0.625098104005242,0.734069418541662,0.40397205328379,0.413456227898777,0.361952861952862,0.247725027885544,0.00140795231768284
13,26163501300,26163501300,"+42.4033690,-082.9505462",0.436757438442663,0.587588605670108,0.684672464483797,0.528797641626465,0.344958453086424,0.420294146678511,0.376242643662189,0.11474811389115
14,26163501400,26163501400,"+42.4091561,-082.9385202",0.350185704937649,0.164141080588697,0.248436915445627,0.187930566393664,0.378694361681206,0.887463121990809,0.457918179872083,0.126715708591454
15,26163501500,26163501500,"+42.4183457,-082.9264931",0.481300825974668,0.505093105583333,0.597367253731995,0.521058164494767,0.305263010777649,0.804872832560129,0.457345446487924,0.178105968186877
16,26163501600,26163501600,"+42.4129132,-082.9207524",0.350551141214183,0.36718418443841,0.443903564372006,0.457174246679005,0.298292929589555,0.3521699075445,0.32218036782628,0.212952788049527
17,26163501700,26163501700,"+42.4042423,-082.9212936",0.44748093454698,0.648822254490698,0.557940875257094,0.326753158893439,0.306277786877515,0.730568442294827,0.453591695553711,0.108412328461577
18,26163501800,26163501800,"+42.3983391,-082.9316723",0.317552274621536,0.139038436044569,0.228487883884944,0.198565651801483,0.264450618537682,0.905521008126872,0.317144069674425,0.16965825428078
19,26163501900,26163501900,"+42.3952603,-082.9401000",0.420465505729191,0.682087577223986,0.637794675827576,0.383486122376106,0.32700589107203,0.721449017865956,0.190027303421002,0.00140795231768284
20,26163502000,26163502000,"+42.3932938,-082.9469658",0.30298295714823,0.400652621848427,0.39955621256154,0.357704459998211,0.315761414758248,0.49190054727514,0.093355541618,0.0619499019780443
21,26163503100,26163503100,"+42.4461391,-082.9778891",0.371283508157687,0.390355515463435,0.618928015851393,0.378825629699249,0.396900276376441,0.364946972438829,0.389190173772942,0.0598379735015201
22,26163503200,26163503200,"+42.4454982,-082.9953169",0.499892717792656,0.582276427432105,0.380968474003366,0.425118884404243,0.576721756247982,0.503295715022099,0.372248532488067,0.658619234950729
23,26163503300,26163503300,"+42.4383158,-082.9950446",0.489961595941343,0.506312338494885,0.457463453562273,0.488409974077425,0.404175848896267,0.528038254422619,0.377968355072164,0.667362947063766
24,26163503400,26163503400,"+42.4389974,-082.9801546",0.438583878217282,0.466070772753694,0.608040548339036,0.474924997328217,0.506384013310973,0.797606905098762,0.215651958372611,0.00140795231768284
25,26163503500,26163503500,"+42.4312541,-082.9922641",0.451188708637554,0.407838123172699,0.584933513333037,0.672214702433839,0.387972659381795,0.0252525252525253,0.394555089440299,0.685554347448681
26,26163503600,26163503600,"+42.4249818,-082.9967805",0.420806449748409,0.361932685948823,0.628764257026686,0.448063168416487,0.433705237706234,0.394257449632042,0.135347226655951,0.543575122852639
27,26163503900,26163503900,"+42.4134536,-082.9873463",0.363463033297003,0.404865323906568,0.550522307246772,0.560593900962324,0.430268353125819,0.221640948025313,0.294689165386623,0.0816612344256038
28,26163504000,26163504000,"+42.4169793,-082.9776759",0.365640822176183,0.47391230855606,0.658242156711341,0.656128001395268,0.288644431265474,0.28898101536538,0.192169889622071,0.00140795231768284
29,26163504100,26163504100,"+42.4153882,-082.9679696",0.380867130910515,0.599316241952275,0.5967214677561,0.71507474686859,0.27567052751936,0.254208754208754,0.223670225750844,0.00140795231768284
30,26163504200,26163504200,"+42.4081498,-082.9717558",0.430986400958881,0.696902941343169,0.548058286362075,0.673834468503196,0.402920678636275,0.318181818181818,0.291825498465826,0.0851811152198109
31,26163504300,26163504300,"+42.4055763,-082.9803156",0.437896931773836,0.67337947731105,0.528520436253064,0.673165349228497,0.425843331803668,0.421873457704077,0.271394878073513,0.0711015920429826
32,26163504400,26163504400,"+42.4030542,-082.9892425",0.48365528705897,0.653201668054984,0.586033735326193,0.775444193118946,0.406297181779877,0.661034887419252,0.146236672212479,0.157338671501056
33,26163504700,26163504700,"+42.3941500,-083.0172716",0.504390185528762,0.583627023474996,0.6610435935303,0.686604473797759,0.609763058070842,0.106060606060606,0.378430297408241,0.505202246358591
34,26163504800,26163504800,"+42.4089695,-083.0133701",0.481744141826488,0.717495727147708,0.415918645190991,0.725721918297604,0.527023731942415,0.0336700336700337,0.05981402126437,0.892564915272295
35,26163504900,26163504900,"+42.4263378,-083.0129968",0.503859563255927,0.470928974240778,0.443078430749322,0.761267635459704,0.46393805558004,0.491001217385582,0.236373639992939,0.660428989383122
36,26163505000,26163505000,"+42.4391006,-083.0087283",0.449808508677611,0.473353690872847,0.659250777028519,0.734310264045775,0.552935735288376,0.349795457287314,0.0244622878539211,0.354551348366528
37,26163505100,26163505100,"+42.4403465,-083.0179417",0.554750370035504,0.739676466225189,0.620090925316292,0.674864548640992,0.66824761908538,0.318499873874467,0.307392579628719,0.55448057747749
38,26163505200,26163505200,"+42.4138010,-083.0035037",0.502477971308927,0.362538110692416,0.467502721794891,0.693730328340988,0.458693458060975,0.535671591046184,0.248793504264516,0.750416084962517
39,26163505400,26163505400,"+42.4186463,-082.9937654",0.541580139230471,0.657016161568743,0.561755690928933,0.760255645186002,0.452426385197567,0.414958488248391,0.307484592533059,0.637164010950602
40,26163505500,26163505500,"+42.3970633,-083.0014601",0.59543346865579,0.846100513961356,0.623315554525471,0.688686937144127,0.561349401255859,0.376418912249531,0.220134301284049,0.852028660170139
41,26163506100,26163506100,"+42.4445674,-083.0320133",0.492448876883972,0.548404488441793,0.504835926401975,0.650801257614186,0.761871884205003,0.358004584388949,0.206018770632485,0.417205226503414
42,26163506200,26163506200,"+42.4374798,-083.0316910",0.48573761167883,0.540838797407069,0.491468362188295,0.559213392145752,0.682280277399021,0.544089099463692,0.148172698832375,0.434100654315608
43,26163506300,26163506300,"+42.4265859,-083.0313176",0.55615274364483,0.677533419820856,0.638864525145116,0.68438943726763,0.622667720793752,0.388203424034043,0.242100973834535,0.63930970461788
44,26163506400,26163506400,"+42.4225996,-083.0523153",0.510995348138055,0.496068836994021,0.523645435742133,0.720271364162022,0.617482862566528,0.374647671064609,0.211173371089921,0.633677895347149
45,26163506500,26163506500,"+42.4298760,-083.0459797",0.520299867764352,0.772427478563893,0.685418196286996,0.688019321532041,0.532841350330117,0.411772447603066,0.125263363465995,0.426356916568352
46,26163506600,26163506600,"+42.4370474,-083.0485200",0.537513056379841,0.608881769535087,0.726996925948518,0.846933934151371,0.543905864270818,0.33592713234407,0.230646306151344,0.469299462257679
47,26163506700,26163506700,"+42.4441868,-083.0465810",0.430077952333228,0.234709421693999,0.354235677786095,0.581922294256141,0.693321609468643,0.600428826813192,0.0456534230678229,0.500274413246701
48,26163506800,26163506800,"+42.4438513,-083.0676404",0.545170278805136,0.527778574897421,0.50419495663986,0.760912171590816,0.631848410592046,0.480796016626636,0.269592176274191,0.641069645014983
49,26163506900,26163506900,"+42.4368143,-083.0671656",0.496459548153254,0.525162268928757,0.503501210591768,0.718043253048096,0.550068145882279,0.435445661830027,0.279328643804903,0.463667652986947
50,26163507000,26163507000,"+42.4296948,-083.0621938",0.538717364117118,0.663606267269093,0.717200343473983,0.70492799278447,0.540652056232029,0.497631033461652,0.188264035723541,0.458739819875057
51,26163507100,26163507100,"+42.4277494,-083.0763573",0.407910253543417,0.419019062158666,0.501445916652477,0.679152760911466,0.553628147227013,0.0858585858585859,0.168791100662117,0.447476201333595
52,26163507200,26163507200,"+42.4209193,-083.0737640",0.472038580572173,0.867658729433457,0.65208740978943,0.703811307429096,0.546903781069105,0.131313131313131,0.0479443566044609,0.354551348366528
53,26163507300,26163507300,"+42.4262623,-083.0877402",0.435190784788584,0.350341356886224,0.301976742880577,0.634550420697402,0.584945597899302,0.468013468013468,0.202009636943369,0.504498270199749
54,26163507400,26163507400,"+42.4362144,-083.0856365",0.450985530599462,0.375156464221819,0.551541097892195,0.519795930257236,0.63234636503318,0.368686868686869,0.238664573529577,0.470707414575361
55,26163507500,26163507500,"+42.4432546,-083.0881317",0.494352911900023,0.591375042569189,0.486609888916977,0.551626422942315,0.716189641329329,0.544089099463692,0.156190966210608,0.414389321868048
56,26163507800,26163507800,"+42.4243919,-083.0970382",0.574379570630963,0.857211007509845,0.795724914792633,0.530440353489922,0.604809306955283,0.689654416038781,0.0643658433076574,0.478451152322617
57,26163507900,26163507900,"+42.4263906,-083.1066037",0.449537630324336,0.347884077017658,0.445651024884306,0.496844613957687,0.553080604201388,0.509327805744744,0.35001896592518,0.443956320539388
58,26163508000,26163508000,"+42.4392203,-083.1132634",0.691954282115486,0.963281164446496,0.774270504167037,0.717644732194352,0.743062860402736,0.592011318395683,0.431347106475831,0.622062288726265
59,26163508100,26163508100,"+42.4408940,-083.1014824",0.520714104164037,0.65854094833713,0.577702470436133,0.523900350553552,0.597568945148011,0.480116035490628,0.27662459110592,0.530545388076881
60,26163510400,26163510400,"+42.4147480,-083.0760398",0.495903935282474,0.575061693294072,0.569739208927535,0.817245550649091,0.625346421184879,0.30976430976431,0.0422170227628658,0.531953340394564
61,26163510500,26163510500,"+42.4086539,-083.0689077",0.596500294920904,0.524851359580947,0.596124493356229,0.614233448987297,0.80521347254114,0.886344443347701,0.226637172462228,0.522097674170785
62,26163510600,26163510600,"+42.4074065,-083.0465471",0.511464744228339,0.371638759915702,0.535944444716458,0.613697440350154,0.596187596277962,0.641907676109631,0.307227331963781,0.513649960264687
63,26163510700,26163510700,"+42.3936461,-083.0398776",0.610383484388457,0.785333889991946,0.732177106252615,0.683005001389627,0.569925670329387,0.830558571600917,0.317132802788179,0.354551348366528
64,26163511000,26163511000,"+42.4008260,-083.0306599",0.6448633246433,0.66086315265228,0.885575339600186,0.790879453136623,0.636357635018206,0.436026936026936,0.444615742844588,0.65972501322428
65,26163511200,26163511200,"+42.3763856,-083.0658451",0.498041869383204,0.448564703140541,0.72418207927831,0.441770163485475,0.814346564773795,0.162614198444817,0.384685297089012,0.510130079470481
66,26163511300,26163511300,"+42.4154477,-083.0497684",0.571416025717868,0.722379188818692,0.655009095710041,0.73734087920842,0.478757594883355,0.617642220248083,0.167072900509639,0.621710300646844
67,26163511400,26163511400,"+42.3900705,-083.0776630",0.626171170723517,0.781198917057785,0.82020544878338,0.533015903065808,0.627234603084286,0.579941653231556,0.490640973158521,0.550960696683282
68,26163511900,26163511900,"+42.3735241,-083.0718813",0.511480959288087,0.55275792095147,0.499477631570915,0.19217507140184,0.789548777118194,0.672819399203764,0.428213034285135,0.445374880485295
69,26163512100,26163512100,"+42.3989089,-082.9638962",0.46280034947165,0.654053275224944,0.670813982975318,0.546319031795817,0.409008796336956,0.615580341964707,0.237526618018756,0.106300399985053
70,26163512200,26163512200,"+42.3953197,-082.9768484",0.456508692980172,0.762727656476905,0.80602799796886,0.740141392765501,0.382825829629237,0.0673400673400673,0.17743468022699,0.25906322645364
71,26163512300,26163512300,"+42.3882982,-082.9663155",0.469695014875863,0.797975286155132,0.787854666535438,0.801161338553242,0.420624629818505,0.393253929084548,0.0412368036594847,0.0457584503246918
72,26163512400,26163512400,"+42.3908867,-082.9560714",0.420399143410095,0.68070554753938,0.466844849135797,0.799132864045434,0.327824314360551,0.407407407407407,0.176401882321129,0.0844771390609695
73,26163512600,26163512600,"+42.3820764,-082.9560601",0.424125057133107,0.688921822097167,0.571998978291711,0.661128177054418,0.340197704296534,0.324915824915825,0.220502352901411,0.161210540374683
74,26163512900,26163512900,"+42.3755477,-082.9504678",0.497941124280998,0.896205818488515,0.823295994161521,0.707753458921659,0.346971693433208,0.304132530516895,0.242838954883632,0.164389419561559
75,26163513200,26163513200,"+42.3679701,-082.9383380",0.409593864473262,0.569660556445129,0.417929149493844,0.430755335229595,0.267032164190273,0.620839228331085,0.310994227598613,0.249946390024295
76,26163513300,26163513300,"+42.3582384,-082.9413094",0.36237656798273,0.224653104261617,0.184281836683537,0.560477957825712,0,0.599644655019248,0.481096042693988,0.48648237939501
77,26163513600,26163513600,"+42.3657136,-082.9802179",0.381675842391687,0.723673998984718,0.744564220645538,0.522032458446809,0.393137528198817,0.214906941291306,0.0269184690554969,0.0464972801191271
78,26163513700,26163513700,"+42.3580493,-082.9609921",0.407807434821133,0.255253674873007,0.471435534961423,0.685888265509241,0.277231368940908,0.199651235481854,0.473077775315755,0.492114188665741
79,26163513900,26163513900,"+42.3722151,-082.9837943",0.428012497546125,0.713980004876643,0.659813177314549,0.808036228255894,0.4673127846577,0.157563693394312,0.0830463407031288,0.106335253620647
80,26163514100,26163514100,"+42.3798303,-082.9893988",0.565578558155428,0.828686855187305,0.751487407361491,0.87125046212164,0.424180967740993,0.226691453075818,0.220404706553948,0.636348055046799
81,26163514200,26163514200,"+42.3817139,-083.0084252",0.507582271476226,0.634804368964017,0.728432175445991,0.729353767354452,0.532239784945997,0.0673400673400673,0.428213034285135,0.432692701997925
82,26163514300,26163514300,"+42.3888619,-082.9934067",0.619705508217289,0.873090035433529,0.937553253140489,0.736498150882122,0.534212305865203,0.235108961493326,0.227805173003038,0.793670677703319
83,26163514500,26163514500,"+42.3753160,-082.9999028",0.468268490227476,0.62991685816944,0.569303699184304,0.700356462510407,0.486921088706057,0.297979797979798,0.0706809330484063,0.522720591993924
84,26163515200,26163515200,"+42.3616627,-083.0056672",0.529464709596616,0.493742989189608,0.392053436181168,0.526339949063009,0.456132867387461,0.731950339442196,0.400759388132964,0.705273997779907
85,26163515300,26163515300,"+42.3532902,-083.0005510",0.479502647928277,0.702329823626439,0.607251227285126,0.410385732237327,0.522177397324454,0.214906941291306,0.312924620775387,0.586542792957898
86,26163515400,26163515400,"+42.3609676,-082.9963793",0.369776516204958,0.128495548260934,0.28775179470582,0.290134444836527,0.407738175683275,0.772886300573597,0.0789020043790631,0.622527344995488
87,26163515600,26163515600,"+42.3639483,-082.9917654",0.328516673498622,0.5069841049387,0.493565742099878,0.544520958556864,0.384250395476351,0.248472784303403,0,0.121822729115158
88,26163515700,26163515700,"+42.3530390,-082.9871415",0.495688676190574,0.190029133273043,0.417908442539428,0.610377286670639,0.318518469143028,0.598953706445563,0.480418151704868,0.853615543557449
89,26163515900,26163515900,"+42.3829752,-083.0169292",0.48829758463984,0.631229544657448,0.61987259857711,0.531152559511861,0.51642717346497,0.314814814814815,0.326839225288902,0.477747176163776
90,26163516000,26163516000,"+42.3714831,-083.0093251",0.497732294559082,0.404362869796374,0.445012070325413,0.677478165933628,0.426746848990451,0.293927329757949,0.479766550116988,0.756832226992773
91,26163516100,26163516100,"+42.3756603,-083.0258411",0.425861406201378,0.573934754331661,0.492391524953458,0.280646973063448,0.597977496430407,0.205387205387205,0.329702892209699,0.500988997033766
92,26163516200,26163516200,"+42.3661558,-083.0189390",0.48271193069156,0.711787774247558,0.891809538096424,0.453869680423183,0.589699391885504,0.114478114478114,0.283884221476939,0.333454794233195
93,26163516300,26163516300,"+42.3595713,-083.0152242",0.566160606853689,0.788926031306779,0.482070860682549,0.517406969750069,0.631181390197495,0.886108643437634,0.323975558368104,0.333454794233195
94,26163516400,26163516400,"+42.3508558,-083.0096137",0.359413695337261,0.351728834239307,0.227823308282844,0.264453666151708,0.559113324248883,0.342853069237434,0.349175827271123,0.42074783792953
95,26163516500,26163516500,"+42.3375655,-083.0148583",0.440750666032808,0.0355378523643547,0.07354768829327,0.323093302984533,0.468960291120307,0.56287632020531,0.621239207261884,1
96,26163516600,26163516600,"+42.3413645,-083.0201887",0.496527594273913,0.684672500462738,0.823045326864316,0.533682170977616,0.500745058712109,0.128944164774784,0.389839897546448,0.414764040579378
97,26163516700,26163516700,"+42.3483954,-083.0210206",0.447078113839192,0.117601430739661,0.659546628497657,0.517951863675435,0.456032727374667,0.382154882154882,0.455131503340632,0.541127761091412
98,26163516800,26163516800,"+42.3560005,-083.0254934",0.455809073574836,0.610593197321844,0.477837646598418,0.419425679187377,0.609848113412784,0.365319865319865,0.295338889160129,0.412300124023433
99,26163516900,26163516900,"+42.3446547,-083.0302450",0.462810594643987,0.29473020597044,0.467297003987671,0.514522374437963,0.407575040121509,0.723132519549458,0.394421764619724,0.437995253821145
100,26163517000,26163517000,"+42.3408105,-083.0361037",0.320976368703146,0.0102290116132268,0.235760726829559,0.189943249997924,0.524639892765201,0.458729532019434,0.494077373463478,0.333454794233195
101,26163517100,26163517100,"+42.3358287,-083.0330442",0.271815319005702,0,0.234356747400189,0.192714539244206,0.423223377053458,0.411591484881387,0.307366290227479,0.333454794233195
102,26163517200,26163517200,"+42.3338393,-083.0390113",0.5026592591377,0.154177939690586,0.245236476772329,0.182504154801585,0.644385280719892,0.900832428519725,0.641269853192472,0.750208680267311
103,26163517300,26163517300,"+42.3456895,-083.0505419",0.433148861878033,0.242145988783409,0.515809900795585,0.51682060367953,0.642799794301949,0.297398523782889,0.432222167974251,0.384845053828618
104,26163517500,26163517500,"+42.3541327,-083.0560746",0.497328012135606,0.678085099419086,0.479327200945756,0.470685914441951,0.717259231668251,0.194600730431349,0.513550308524902,0.427787599517944
105,26163518000,26163518000,"+42.3624987,-083.0613713",0.412425777841508,0.140531115656899,0.217080437370841,0.170539444630747,0.782006549442571,0.691337917722283,0.499231973920914,0.386253006146301
106,26163518400,26163518400,"+42.3698286,-083.0441079",0.551212725420467,0.679000384172512,0.46775873219417,0.376880965036924,0.718681000633606,0.925723028328892,0.268993153488791,0.421451814088372
107,26163518500,26163518500,"+42.3732892,-083.0345719",0.440804941790443,0.461372239892698,0.603962161817897,0.356367926650868,0.557447831494305,0.425059498349401,0.302211689770043,0.379213244557887
108,26163518600,26163518600,"+42.3647264,-083.0294479",0.498447894970696,0.65919318347387,0.458020006119077,0.514982943966371,0.521916462131804,0.691337917722283,0.310229957148276,0.333454794233195
109,26163518800,26163518800,"+42.3597016,-083.0372366",0.477823692735269,0.667295672151831,0.476265733705896,0.472024794678898,0.57080286526543,0.372870946160848,0.287320621781896,0.498185215402086
110,26163518900,26163518900,"+42.3525953,-083.0435070",0.583483434299852,0.652336741178172,0.855512776237008,0.553090931452393,0.768419040138364,0.18013468013468,0.459140637029748,0.615749233928602
111,26163520200,26163520200,"+42.3572141,-083.0699378",0.423129303082065,0.262120698085733,0.347131967595254,0.172214821078293,0.828245991018334,0.455466719310368,0.514695775293221,0.382029149193253
112,26163520300,26163520300,"+42.3497881,-083.0627334",0.400668043821965,0.0630907467091191,0.179474265638308,0.213061666768374,0.583365172378822,0.943879621404051,0.488350039621883,0.333454794233195
113,26163520400,26163520400,"+42.3481561,-083.0675930",0.466298626111398,0.482873843512508,0.694037636040095,0.355918677042362,0.660082348301612,0.365637921012514,0.372085162637503,0.333454794233195
114,26163520700,26163520700,"+42.3347168,-083.0554556",0.398114312582423,0.175147240216855,0.178564653306664,0.318146834409467,0.627384325516386,0.643415698790292,0.510686641604104,0.333454794233195
115,26163520800,26163520800,"+42.3254678,-083.0537969",0.410765059436613,0.107579104610438,0.170839147635411,0.173914790550595,0.558005986356672,0.412386624113009,0.703125058681699,0.74950470410847
116,26163521100,26163521100,"+42.3208768,-083.0808652",0.522837582092591,0.442311649956209,0.518281904233561,0.320488909786771,0.753251917245239,0.462200726044374,0.426494834132656,0.736833133249324
117,26163521300,26163521300,"+42.3341230,-083.0929489",0.487898462556082,0.442411572659413,0.494129881400885,0.115936700734662,0.83134295688774,0.655984382368747,0.388914135059921,0.486569608781202
118,26163521400,26163521400,"+42.3305838,-083.0730165",0.414571146130724,0.196482931374619,0.299184675373459,0.0824470690764236,0.701255294530318,0.753347810351068,0.388694430778129,0.48058581143105
119,26163521500,26163521500,"+42.3368603,-083.0763920",0.498136286520352,0.309313969995203,0.392191520160545,0.371995439405966,0.723864590593616,0.70260695993595,0.392703564467245,0.594277961083938
120,26163521800,26163521800,"+42.3461214,-083.0712523",0.505571131177689,0.728124717893363,0.536668203650238,0.652315990534979,0.715031035425556,0.28550982134044,0.287893355166055,0.333454794233195
121,26163521900,26163521900,"+42.3503993,-083.0805337",0.460012502014735,0.212632693246088,0.214569409106521,0.513246904416942,0.74094714176867,0.419509974884568,0.514695775293221,0.604485615387139
122,26163522000,26163522000,"+42.3435757,-083.0875891",0.542371135399364,0.771797567172979,0.736350911655093,0.386069922187054,0.734646895391153,0.13567817150879,0.440240435352485,0.591814044527993
123,26163522100,26163522100,"+42.3435090,-083.1014140",0.415782004832529,0.282343116244677,0.535363166966776,0.143191022747026,0.671747592626049,0.471380471380471,0.377957088185919,0.428491575676786
124,26163522200,26163522200,"+42.3511187,-083.1065656",0.457414563978515,0.707450539390258,0.768477024934791,0.337788681698891,0.650939253891887,0.0218855218855219,0.381906131815058,0.333454794233195
125,26163522300,26163522300,"+42.3565382,-083.0965947",0.609427658516342,0.948183102479089,0.793493968558424,0.693972765034247,0.7112637530659,0.101010101010101,0.502285300093515,0.515784619373121
126,26163522400,26163522400,"+42.3609881,-083.0833636",0.540568734043767,0.62924699353877,0.642869262397122,0.48443153548599,0.840039755730097,0.387205387205387,0.310802690532436,0.489385513416568
127,26163522500,26163522500,"+42.3411363,-083.0606837",0.612836268434697,0.96108589515186,0.762886654460814,0.558346880587792,0.750428574430762,0.38274164007063,0.474031705017896,0.400332529323129
128,26163523100,26163523100,"+42.3259510,-083.1023821",0.615712382846394,0.496897883490315,0.609773677645158,0.447369485564085,0.884920685067692,0.889711446714704,0.478200452928827,0.503113048513975
129,26163523200,26163523200,"+42.3144563,-083.1042425",0.603102741778515,0.522766370217456,0.65933260630156,0.436651569141781,0.7968338068734,0.823627150988715,0.595550706621549,0.386956982305142
130,26163523300,26163523300,"+42.3172270,-083.0975239",0.57118967695094,0.578746699618614,0.644647947399347,0.511895874810791,0.787718434733635,0.60519966220292,0.53666432565808,0.333454794233195
131,26163523400,26163523400,"+42.3196503,-083.0910903",0.542090462431488,0.456931004862426,0.553017747286103,0.52036115714353,0.718472833079577,0.779028065673017,0.43336763474257,0.333454794233195
132,26163523800,26163523800,"+42.3078841,-083.1139929",0.649023735288018,0.688957499982656,0.645383153393598,0.479639468567411,1,0.525746059948014,0.732005843758333,0.471434121366112
133,26163524000,26163524000,"+42.3169861,-083.1199144",0.651795556505316,0.635597276322982,0.729576744658587,0.541907196246155,0.866669796104387,0.600445277969708,0.581775060371732,0.606597543863663
134,26163524100,26163524100,"+42.3113650,-083.1373320",0.702712861105914,0.736300831002082,0.568857794703913,0.808296151760791,0.737928811796212,0.802268066111714,0.634466531714407,0.630871840652277
135,26163524200,26163524200,"+42.3070018,-083.1291089",0.691507515498924,0.831401861466726,0.62425549723591,0.545610527331787,0.777894109008486,0.892650720012284,0.684294336136284,0.484445557300993
136,26163524300,26163524300,"+42.3001177,-083.1320379",0.713970518197856,0.56540276338648,0.608376206984087,0.666766660874695,0.758759313827293,0.754603581965145,0.803567471748283,0.840317628599012
137,26163524500,26163524500,"+42.2868892,-083.1512103",0.66319190296729,0.43521816617298,0.344629561553704,0.4056607677029,0.998764651107623,1,0.689570994528049,0.768499179705773
138,26163524700,26163524700,"+42.2739530,-083.1526152",0.664784769041228,0.632687203301405,0.592795157708959,0.575381862204901,0.829570709379165,0.607058642889262,0.784072002914368,0.631927804890539
139,26163524800,26163524800,"+42.2630997,-083.1615912",0.617302618067327,0.602454736372141,0.579397379653134,0.822985412214471,0.765636987991342,0.134680134680135,0.756580800474711,0.659382875085354
140,26163524900,26163524900,"+42.2904837,-083.1246926",0.749938593847394,0.562795152217225,0.617548407910868,0.735728411889363,0.963786969409065,0.747705063665976,0.766905023904577,0.855101127934682
141,26163525000,26163525000,"+42.3036532,-083.0973176",0.754472456882489,0.779200217540934,0.57489988625149,0.727816667036579,0.88007481320607,0.649266826791257,0.813891695178148,0.856157092172944
142,26163525400,26163525400,"+42.3391838,-083.1140246",0.653126817004045,0.73580094546045,0.708739133732503,0.863510675045182,0.714932822111288,0.607162833547198,0.499874186436922,0.441867122694773
143,26163525500,26163525500,"+42.3340140,-083.1093553",0.638510801490175,0.810775880543717,0.840166956631575,0.506293149487527,0.745569246491507,0.77136182673642,0.404227711282284,0.391180839258191
144,26163525600,26163525600,"+42.3282644,-083.1115806",0.484530206941418,0.409575987474191,0.474916041213915,0.422518435137005,0.785456051730472,0.515743756786102,0.450046382015045,0.333454794233195
145,26163525700,26163525700,"+42.3267956,-083.1262619",0.596402468050106,0.464903482520716,0.456222261122321,0.602298335745253,0.70430661739847,0.761337588699152,0.694603537051156,0.491145453813671
146,26163525800,26163525800,"+42.3332194,-083.1284291",0.635873163959017,0.613178462095179,0.723976631656349,0.598908379315275,0.859749506010737,0.840297656258568,0.481546718143818,0.333454794233195
147,26163526000,26163526000,"+42.3259356,-083.1429717",0.733699849026064,0.805407006858974,0.566125441116721,0.884006920868445,0.847106330843602,0.850990907994165,0.562302125310309,0.619960210190235
148,26163526100,26163526100,"+42.3334778,-083.1520873",0.690703718653693,0.819302424426089,0.62710813111044,0.879929949351549,0.758119552511931,0.907473212033473,0.497583252900284,0.345409508242084
149,26163526200,26163526200,"+42.3372007,-083.1452619",0.627411090432583,0.658537265124517,0.635831700826635,0.709243171947858,0.733783706203178,0.766815823819081,0.542256456864726,0.345409508242084
150,26163526300,26163526300,"+42.3390784,-083.1384863",0.661769403061574,0.505588207565579,0.755672921045466,0.807721507287281,0.619667430414685,0.919784160826506,0.592656994670763,0.431294599620736
151,26163526400,26163526400,"+42.3405358,-083.1309829",0.552936667954766,0.668423871358057,0.584740208478591,0.539384927229372,0.742905811056839,0.567137169743033,0.422555179575389,0.345409508242084
152,26163526500,26163526500,"+42.3481772,-083.1404328",0.67537141022454,0.904657209506839,0.882100667445028,0.78166967161949,0.496483478511953,0.580122615953235,0.565738525615266,0.516827702919968
153,26163527200,26163527200,"+42.3515946,-083.1186144",0.489191387949957,0.792668700952449,0.833162815783834,0.496471644484753,0.558088680156406,0.00168350168350168,0.40880957835556,0.333454794233195
154,26163527300,26163527300,"+42.3457181,-083.1184380",0.541617678190914,0.672876212795779,0.867875836474343,0.518952249108695,0.626932179900425,0.260942760942761,0.423700646343708,0.420043861770689
155,26163530100,26163530100,"+42.4096746,-083.1216653",0.58342879503549,0.460160762126821,0.474786557956528,0.795537870059803,0.633938202228731,0.674502900887266,0.450820041537254,0.594255230452029
156,26163530200,26163530200,"+42.4111231,-083.1341948",0.525534679108667,0.241857925330526,0.492769699657523,0.683942743258147,0.519245636997802,0.623997850382215,0.501220579343291,0.615708318791165
157,26163530300,26163530300,"+42.4008029,-083.1306653",0.616967576415468,0.750374184462824,0.685445040983695,0.61542584610984,0.615270658626549,0.509327805744744,0.499414121915221,0.643515377065401
158,26163530400,26163530400,"+42.3909517,-083.1361282",0.538677003593266,0.600732047806796,0.5895238048922,0.545174661904429,0.607642677737435,0.59874532512969,0.457491916009119,0.371428591673195
159,26163530500,26163530500,"+42.3844331,-083.1340130",0.500049795894759,0.471415875382758,0.516165684398782,0.504583857189192,0.507138051370209,0.595378321762687,0.534238189486493,0.371428591673195
160,26163530800,26163530800,"+42.3716662,-083.1339332",0.619027125391351,0.824274647435768,0.687559069923307,0.66612392928221,0.593175929867433,0.578351374768313,0.534810922870653,0.448894003591772
161,26163530900,26163530900,"+42.3753050,-083.1262756",0.514444140616725,0.743423098147387,0.763524019787789,0.559446838880163,0.422432655610066,0.0589225589225589,0.579484126835094,0.473875686134013
162,26163531100,26163531100,"+42.3748819,-083.1152689",0.515647533106826,0.795303081937312,0.804909734929952,0.55623178647056,0.500146863513243,0.13973063973064,0.46780111692399,0.345409508242084
163,26163531200,26163531200,"+42.3788297,-083.1020097",0.426896473887807,0.143576745592592,0.168468966044683,0.318776984003186,0.646388961390079,0.724816021232959,0.539475413776397,0.446772225174753
164,26163531300,26163531300,"+42.3833022,-083.1097921",0.454955616203812,0.265162235568119,0.325293305003247,0.667288159722633,0.541374850410896,0.571809298193663,0.459210116161597,0.354551348366528
165,26163531400,26163531400,"+42.3803842,-083.1189728",0.463948014395498,0.521512094967263,0.565637111857608,0.592561880714249,0.566661367574199,0.177765713596332,0.468946583692309,0.354551348366528
166,26163531500,26163531500,"+42.3870970,-083.1235622",0.516297484172487,0.587875056648959,0.689960717763833,0.605655417416318,0.586198661914044,0.106060606060606,0.628166464488652,0.410165464915
167,26163531600,26163531600,"+42.3941530,-083.1282997",0.476624879660199,0.418731518646357,0.624880819468981,0.583817910492889,0.598835321941395,0.250260476644842,0.488419518753732,0.371428591673195
168,26163531700,26163531700,"+42.3980117,-083.1171527",0.570891987127092,0.921079380423868,0.65252265576545,0.834861286424104,0.653758977552457,0.0858585858585859,0.493611675498654,0.354551348366528
169,26163531800,26163531800,"+42.3903871,-083.1146956",0.568903407245715,0.796461898444665,0.626256340288195,0.786603591805649,0.540631574408259,0.28898101536538,0.532519989334015,0.410869441073841
170,26163531900,26163531900,"+42.3902385,-083.1062989",0.534894832382367,0.826421477527618,0.518004178224845,0.482687706039488,0.680489488332425,0.422876978251571,0.459232649934089,0.354551348366528
171,26163532200,26163532200,"+42.3884007,-083.0939521",0.533387415467664,0.497425101638848,0.50945559023204,0.426681764501732,0.667736727254177,0.859172616501607,0.418688759778718,0.354551348366528
172,26163532300,26163532300,"+42.3840376,-083.0891148",0.279524639956941,0.0638200982008815,0.254632740969274,0,0.580871647211565,0.317408613825552,0.283311488092779,0.456627891398533
173,26163532400,26163532400,"+42.3784502,-083.0840723",0.513185269516807,0.697703354336556,0.56631336929406,0.301360241365825,0.741953695784838,0.506361113852971,0.343448493429528,0.43515661855387
174,26163532600,26163532600,"+42.3689514,-083.0885598",0.456480098125565,0.290396900128094,0.494207720703324,0.288436646059492,0.708891291659754,0.588540124370743,0.390412630930607,0.434475373026938
175,26163532700,26163532700,"+42.3752477,-083.0927712",0.428262165496436,0.390735851098062,0.677038742870592,0.282436635301007,0.743807020879708,0.262626262626263,0.296484355928448,0.344706289770973
176,26163533000,26163533000,"+42.3655279,-083.0976664",0.531587759426684,0.637873144688929,1,0.492015768071214,0.551783463883668,0.171031706862326,0.4473104064717,0.421099826008951
177,26163533100,26163533100,"+42.3718956,-083.1019312",0.407001483199827,0.437649557677744,0.636318669891412,0.434938430459496,0.534448745362536,0.0117845117845118,0.460415672989894,0.333454794233195
178,26163533200,26163533200,"+42.3687113,-083.1111289",0.464065423105268,0.458935149941488,0.591273692626234,0.412826816568562,0.542047579004579,0.446127946127946,0.463791983234873,0.333454794233195
179,26163533300,26163533300,"+42.3621943,-083.1067231",0.5261289967007,0.736485603920091,0.665477849287256,0.572908596714497,0.500800709561632,0.393939393939394,0.479836029248837,0.333454794233195
180,26163533400,26163533400,"+42.3633711,-083.1191094",0.552461175043004,0.853773809063122,0.520626917130457,0.784629984278137,0.649976605449306,0,0.612129929732186,0.446090979647821
181,26163533500,26163533500,"+42.3624806,-083.1312395",0.508124303224489,0.692295440874952,0.756097733242124,0.476405575279496,0.643203422248355,0.230639730639731,0.412818712044677,0.345409508242084
182,26163533600,26163533600,"+42.3563635,-083.1217128",0.559635861918588,0.812312081827066,0.686495493962438,0.563755880215885,0.612100314779229,0.314814814814815,0.535383656254812,0.392588791575874
183,26163533700,26163533700,"+42.3569040,-083.1335477",0.466215364154293,0.367253473253957,0.49669127700987,0.584004425482931,0.499354687372312,0.47979797979798,0.440309914484334,0.396095791678666
184,26163533900,26163533900,"+42.3685171,-083.0774349",0.434360291181647,0.15087561549704,0.15869962989358,0.305994953474014,0.840612890554558,0.5648833613003,0.529014109897209,0.49044147765483
185,26163534100,26163534100,"+42.3750600,-083.1423228",0.503418793926027,0.48873423944247,0.39186284964625,0.644240319362259,0.728088968149106,0.373051908882528,0.543401923633045,0.354551348366528
186,26163534200,26163534200,"+42.3798594,-083.1559200",0.619073393483661,0.705823623131107,0.681022115611119,0.743984954948239,0.63800934649391,0.323232323232323,0.684867069520444,0.556574321448486
187,26163534300,26163534300,"+42.3749313,-083.1627851",0.512630822468348,0.768676182806415,0.575394101813889,0.719897516939033,0.595245234088916,0.144781144781145,0.430573446953622,0.353848129895417
188,26163534400,26163534400,"+42.3693259,-083.1588593",0.635547866926068,0.839316779402788,0.821061406928077,0.827589337655692,0.526086984697154,0.543189769574135,0.482119451527978,0.409471338696653
189,26163534500,26163534500,"+42.3652492,-083.1451954",0.557579667440231,0.819084011845589,0.473601321678767,0.6951137961991,0.548526962019345,0.493265993265993,0.416827845733794,0.456637741339027
190,26163534600,26163534600,"+42.3555106,-083.1437193",0.500657555561728,0.608218848908338,0.579698402805387,0.577663994282147,0.48669240931698,0.378206604590969,0.481546718143818,0.392575910884459
191,26163534700,26163534700,"+42.3591263,-083.1538569",0.497367947918661,0.468930592528117,0.676342731644321,0.611523654760924,0.48461874862142,0.203703703703704,0.599529795280677,0.436926408891468
192,26163535000,26163535000,"+42.3603948,-083.1762139",0.547931510049775,0.661744790160975,0.589178452112934,0.816617506083191,0.403647042294411,0.298977834808454,0.593229728054922,0.472125216833538
193,26163535100,26163535100,"+42.3694786,-083.1753696",0.58531630899312,0.960314660731419,0.894833442627967,0.772698611680661,0.388748696264917,0.14983164983165,0.510756120735953,0.420030981079274
194,26163535200,26163535200,"+42.3783005,-083.1753987",0.512251169113908,0.611752668032131,0.475757575766043,0.712299693547185,0.618353931153873,0.0723905723905724,0.56115665854199,0.534047084365561
195,26163535300,26163535300,"+42.3727250,-083.1899689",0.568231527840615,0.569273809575863,0.747621604222831,0.628653684165809,0.530812730433022,0.278775814606434,0.673985135221413,0.548497916658933
196,26163535400,26163535400,"+42.3619120,-083.1897249",0.53531119460254,0.480218666751068,0.88196030627861,0.703590434198381,0.374600744937315,0.42524046107108,0.455200982472481,0.426366766508846
197,26163535500,26163535500,"+42.3546687,-083.1894514",0.487004175104732,0.659172502704227,0.612701188386755,0.581741666176068,0.359906133428592,0.235690235690236,0.53767458979145,0.422142909555798
198,26163535600,26163535600,"+42.3551099,-083.1675599",0.523064945779036,0.351766473674766,0.548262142475813,0.608571072032641,0.361494766349701,0.662718389102754,0.639621132171842,0.489020644645732
199,26163535700,26163535700,"+42.3624512,-083.1629391",0.441245098799035,0.500579277026199,0.63940535923107,0.434228303737962,0.412631997063049,0.333333333333333,0.423127912959548,0.345409508242084
200,26163536100,26163536100,"+42.4134413,-083.1504213",0.509559235548631,0.5247690779141,0.682477897519156,0.76390556057168,0.405461040078558,0.185185185185185,0.491484111812579,0.51363177575916
201,26163536200,26163536200,"+42.4127063,-083.1641142",0.353862115303223,0.266557000582645,0.342076348360734,0.417392738068864,0.597831232279005,0.166666666666667,0.31508222949145,0.371428591673195
202,26163536300,26163536300,"+42.4061973,-083.1501123",0.529022954610244,0.754078815886693,0.552657182199841,0.559471414687484,0.576191741107814,0.324230360060979,0.431347106475831,0.505184061853063
203,26163536400,26163536400,"+42.3989571,-083.1498100",0.532714999370854,0.510846796590502,0.458789315135571,0.722717011070003,0.41709529424329,0.558237094067713,0.549799637206263,0.511519847282636
204,26163536500,26163536500,"+42.3884460,-083.1445271",0.508564263670836,0.470819389196964,0.555199595945921,0.537285792268262,0.636105451370557,0.312550038934404,0.558292991621192,0.489696586358552
205,26163536600,26163536600,"+42.3899155,-083.1588972",0.51328337727531,0.432634289345812,0.547025139812276,0.572205159961579,0.557574274387498,0.281144781144781,0.640193865556002,0.562206130719218
206,26163536700,26163536700,"+42.3987581,-083.1643604",0.476711484881111,0.583280870558569,0.636082181635833,0.647295950642047,0.37315276091648,0.326599326599327,0.399140712142323,0.371428591673195
207,26163536800,26163536800,"+42.4064903,-083.1658850",0.42628169047102,0.446264971646645,0.628661217040187,0.523088562366511,0.600379691623834,0.13973063973064,0.274418159216125,0.371428591673195
208,26163536900,26163536900,"+42.4129308,-083.1776478",0.518551965894092,0.389052573680885,0.702907538437933,0.660949169035521,0.459958253219352,0.507836234220599,0.461701975836285,0.447458016828068
209,26163537000,26163537000,"+42.4057432,-083.1771291",0.52473685682756,0.482781778113814,0.680227059589511,0.667992438846519,0.453645817333139,0.460593996424615,0.472011176751156,0.455905730734165
210,26163537100,26163537100,"+42.3979765,-083.1765031",0.529227379006537,0.725772587818393,0.675753638546072,0.639201401163511,0.460389218648208,0.193602693602694,0.540590835514728,0.469281277752151
211,26163537200,26163537200,"+42.3881477,-083.1758564",0.549186098792899,0.592620498169429,0.448939804756301,0.468932425152363,0.675875974920249,0.77532107173801,0.401364044361487,0.481248872452455
212,26163537300,26163537300,"+42.3848282,-083.1918279",0.603805582830624,0.763939630660991,0.742928021482029,0.73545134982214,0.614639221713765,0.284511784511785,0.558865725005352,0.526303346618306
213,26163537500,26163537500,"+42.4053507,-083.1917756",0.396546334001257,0.148896052867278,0.396700915973187,0.585449365408465,0.340422773992852,0.479112514943134,0.38552843574307,0.439714279080812
214,26163537600,26163537600,"+42.4126361,-083.1920649",0.462028222999785,0.424069049181964,0.688379114127855,0.776475172924932,0.293596522506429,0.176082211912831,0.433065306628309,0.442530183716178
215,26163537700,26163537700,"+42.3980970,-083.1914647",0.541348995117681,0.753776742850681,0.604838831287028,0.838577994800636,0.386049328313893,0.182816218646838,0.582965594685034,0.440418255239653
216,26163537800,26163537800,"+42.3918919,-083.1877019",0.558893650544307,0.522138545313989,0.574114669225114,0.665049730909558,0.521053977740795,0.726499522916461,0.482692184912137,0.420706922792094
217,26163538100,26163538100,"+42.4413341,-083.1269354",0.40052740193598,0.09511682889118,0.189967160680521,0.254821549367604,0.543362809245275,0.539038594413187,0.533293648856223,0.64809122209787
218,26163538200,26163538200,"+42.4349753,-083.1300384",0.356982317115394,0.071529448233425,0,0.237517762349717,0.467304775673943,0.709072264446857,0.372928301291561,0.640523667812257
219,26163538300,26163538300,"+42.4269590,-083.1237435",0.400342844725751,0.333397286454777,0.185411457971946,0.589137025717109,0.435959094037984,0.186287412671778,0.406146837572812,0.666060798653853
220,26163538400,26163538400,"+42.4244427,-083.1362309",0.366166437355144,0.0585366975525396,0.0943709041640846,0.259410430916241,0.429195124480517,0.625681352065717,0.4897659116601,0.606204640646806
221,26163538500,26163538500,"+42.4206842,-083.1507627",0.501845639240638,0.195798302858653,0.525740368274063,0.6758182054836,0.509442188512911,0.563287599118218,0.532720915472064,0.510111894964953
222,26163538600,26163538600,"+42.4278669,-083.1510894",0.472679977388131,0.208987143750149,0.410963623928393,0.554814111289137,0.530304857226544,0.48989898989899,0.524129914709671,0.589661200914033
223,26163538700,26163538700,"+42.4240331,-083.1655643",0.474918465075312,0.287250605086799,0.514931580300323,0.691721739012788,0.435561840725778,0.304028339858959,0.474874843671953,0.616060306870586
224,26163538800,26163538800,"+42.4350112,-083.1659258",0.36300342666148,0.196679099877612,0.380036909171505,0.350154532533883,0.375406502857331,0.529721756106121,0.238335956014076,0.470689230069834
225,26163538900,26163538900,"+42.4350607,-083.1513465",0.432601370545841,0.127723891269205,0.414732637841586,0.462153147366249,0.470130767947084,0.570021605852225,0.475447577056113,0.507999966488429
226,26163539000,26163539000,"+42.4423439,-083.1516011",0.42127186920789,0.484543181943496,0.494228433254119,0.344480300908288,0.559293203923714,0.121212121212121,0.424474305865917,0.520671537347574
227,26163539100,26163539100,"+42.4421933,-083.1662919",0.396067744543447,0.370690014290153,0.67733133309358,0.392631672061945,0.457634280429793,0.22490376073438,0.277854559521082,0.371428591673195
228,26163539200,26163539200,"+42.4418860,-083.1852528",0.557002847467778,0.416090769763901,0.759389228914479,0.653260631775935,0.445210818504238,0.541402077232696,0.523572203840506,0.560094202242694
229,26163539300,26163539300,"+42.4348464,-083.1809086",0.372144297993354,0.111025982746114,0.338778066800605,0.331867457154421,0.48172544928729,0.318181818181818,0.500647845959131,0.522783465824099
230,26163539400,26163539400,"+42.4258579,-083.1758620",0.444018101830845,0.242431409655458,0.38982702356261,0.730463759707285,0.470372005141111,0.324230360060979,0.476593043824432,0.474209110864041
231,26163539500,26163539500,"+42.4198239,-083.1873321",0.467081398075595,0.241033371766547,0.407663557533845,0.542684195340082,0.423988753966892,0.650933877318242,0.456547375378849,0.546718655224707
232,26163539600,26163539600,"+42.4267839,-083.1911640",0.380899566943316,0.183948105590406,0.514621355936033,0.604662218792398,0.358818070573636,0.0942760942760943,0.442801774159021,0.467169349275627
233,26163539700,26163539700,"+42.4346911,-083.1956884",0.394286257199292,0.338076413499643,0.547471849291156,0.322085278798202,0.456899811168898,0.415824915824916,0.308216940139033,0.371428591673195
234,26163540100,26163540100,"+42.4409076,-083.2102951",0.45701707156912,0.310540800683518,0.534609675007946,0.692220764010089,0.332857065201306,0.497631033461652,0.342971528578457,0.488288634040869
235,26163540200,26163540200,"+42.4338414,-083.2097474",0.491639978267611,0.592650770725153,0.745908956856392,0.825654947666718,0.354834712735017,0.0151515151515152,0.409838620632673,0.497440324105808
236,26163540300,26163540300,"+42.4266089,-083.2094015",0.418234829009505,0.366410203750139,0.563202371864784,0.623862772704827,0.249609579730247,0.193602693602694,0.420140310290047,0.510815871123795
237,26163540400,26163540400,"+42.4193657,-083.2091493",0.431325080220765,0.395548278540361,0.620824553464922,0.655323684847703,0.335700891902532,0.182816218646838,0.330213657719507,0.498848276423491
238,26163540500,26163540500,"+42.4237296,-083.2251159",0.41090637743499,0.220598072521412,0.440244980595381,0.707713397087323,0.308103522909936,0.304028339858959,0.36301719702404,0.532639132047879
239,26163540600,26163540600,"+42.4224753,-083.2339950",0.38963304869938,0.159298009136925,0.423451516292288,0.44907304671668,0.266548335829548,0.490897026727646,0.366453597328997,0.571709808863577
240,26163540700,26163540700,"+42.4334044,-083.2292261",0.47931266033824,0.388754182541861,0.671764569713512,0.461049262868918,0.359112289606703,0.541714649206506,0.331516860895267,0.601276807534916
241,26163540800,26163540800,"+42.4405745,-083.2295474",0.41667613727687,0.190172834223782,0.455541184432205,0.462027508266755,0.314064571462184,0.647374943791882,0.251906920497095,0.595644998264185
242,26163540900,26163540900,"+42.4401121,-083.2489699",0.411771543398528,0.162325638183628,0.54393508752775,0.482152213978643,0.360049147923758,0.457331183715549,0.37389913132307,0.502708401137299
243,26163541000,26163541000,"+42.4329511,-083.2487283",0.433857684693988,0.338749825665408,0.659892804931989,0.667595708463905,0.261060361409068,0.219853255683875,0.37447186470723,0.515379971996444
244,26163541100,26163541100,"+42.4222559,-083.2439581",0.530494448436583,0.801545061489455,0.573711651411306,0.824928374036453,0.250451952158261,0.240159466543831,0.384781065622101,0.63788356779467
245,26163541200,26163541200,"+42.4220120,-083.2537031",0.466717807616902,0.470001445271174,0.745426344896331,0.549967465720469,0.251840553837982,0.397893155222145,0.285125456778347,0.566770231591867
246,26163541300,26163541300,"+42.4215788,-083.2821395",0.470626501504471,0.425829034389986,0.635970442020406,0.546762580139676,0.286169631787201,0.56377016637603,0.321207659980396,0.514675995837603
247,26163541400,26163541400,"+42.4244065,-083.2688858",0.570957840751492,0.405214111816253,0.671936400936732,0.515661061525023,0.294826512339171,0.741327498656489,0.45637273864204,0.911366561344738
248,26163541500,26163541500,"+42.4362189,-083.2633513",0.442033362086283,0.214814509663492,0.570579047854326,0.613804571502856,0.337196898336897,0.470695006525625,0.389362932695377,0.497780568025409
249,26163541700,26163541700,"+42.4361333,-083.2731759",0.502823415620932,0.518445980221343,0.53106289264506,0.830984973775236,0.284234766937258,0.0589225589225589,0.458663672178678,0.83744906466639
250,26163541800,26163541800,"+42.4356241,-083.2828630",0.522151696613118,0.300110155933868,0.508601273703573,0.599451494169807,0.350580678658671,0.706697814189671,0.379626465164666,0.809993994471575
251,26163542100,26163542100,"+42.4121468,-083.2090072",0.466153723498535,0.351573434719472,0.477168732232762,0.715394350360776,0.283886595125076,0.456228956228956,0.463080291587016,0.515743704235685
252,26163542200,26163542200,"+42.4049237,-083.2086673",0.48906576338862,0.397421471696779,0.505663037893974,0.79578059533039,0.329214470202543,0.412457912457912,0.465771199585379,0.517151656553367
253,26163542300,26163542300,"+42.3984056,-083.2054071",0.422813102354077,0.360506367346989,0.394540488890154,0.839582787740173,0.365581799034068,0.240055275885895,0.338014098630322,0.421410898950935
254,26163542400,26163542400,"+42.3908903,-083.2036174",0.435647774126562,0.486479445595181,0.412737112247313,0.582596733692769,0.358193809009948,0.48575878217572,0.352339944491807,0.371428591673195
255,26163542500,26163542500,"+42.3927935,-083.2132702",0.4259511625664,0.176159879996294,0.412499338549164,0.554059728631437,0.488915279520685,0.617263843648209,0.272630479931798,0.460129587687213
256,26163542600,26163542600,"+42.3829687,-083.2077387",0.466308227167177,0.347454311452285,0.610135129793669,0.546930484921487,0.611372572098402,0.178451178451178,0.439990686040704,0.529823227412513
257,26163542700,26163542700,"+42.3824612,-083.2268100",0.51461435620117,0.67983753611737,0.454225982174564,0.602040885333253,0.574846981589463,0.679553405937771,0.0763406655725268,0.535455036683244
258,26163542800,26163542800,"+42.3901406,-083.2243491",0.377169472816059,0.162737672467732,0.258785049901831,0.413374870962651,0.350598682138494,0.806715362089955,0.219524011612404,0.428450660539349
259,26163542900,26163542900,"+42.3988392,-083.2260719",0.408801399797816,0.121011964895456,0.271221354083164,0.415050562204227,0.406659738120611,0.738684346176203,0.391126200392839,0.517855632712209
260,26163543000,26163543000,"+42.4068106,-083.2257349",0.362573497901941,0.113657852557544,0.173588982467021,0.349412504483981,0.436372857257189,0.78146283683743,0.247325053423819,0.436194398286605
261,26163543100,26163543100,"+42.4126595,-083.2284219",0.333230044756477,0.0770697502515459,0.182163064375597,0.283439231553361,0.374212616173595,0.623482380811371,0.350417062572531,0.441826207557336
262,26163543200,26163543200,"+42.4112995,-083.2475927",0.389200744295645,0.167234735823717,0.369373257189506,0.484733017583747,0.322843910773782,0.437129163513528,0.341826061810138,0.601265063375096
263,26163543400,26163543400,"+42.4015679,-083.2374736",0.410916024488693,0.26019773323032,0.382373584401809,0.681466453877864,0.279066575487221,0.485950712335077,0.32581957208366,0.461537540004896
264,26163543500,26163543500,"+42.4040427,-083.2498756",0.531628406627132,0.7857241899233,0.534075226078314,0.765500733980846,0.219339794307348,0.711918314524178,0.166569646257328,0.53827094131861
265,26163543600,26163543600,"+42.3968066,-083.2510232",0.574151571671257,0.962017677792181,0.716685932881193,0.873603014461663,0.238610081582109,0.427636846203622,0.162635625143183,0.63787182363485
266,26163543700,26163543700,"+42.3894635,-083.2386147",0.605329015280996,0.908224295645193,0.87900885620084,1,0.340236009227805,0.378014674431613,0.206923877160895,0.524895394300623
267,26163543800,26163543800,"+42.3894072,-083.2540332",0.462135796451499,0.478044463367706,0.522039108724754,0.620876232056611,0.366934361044497,0.703731122297898,0.0786315991091649,0.464693688559863
268,26163543900,26163543900,"+42.3819469,-083.2493385",0.593103197841713,1,0.693528988153022,0.657984640889267,0.408110605983804,0.40766514219283,0.162823406580613,0.821609601092458
269,26163544000,26163544000,"+42.3823964,-083.2671854",0.551403974682246,0.443017536113158,0.608723197162111,0.561097674948524,0.400618033523695,0.721355794645697,0.335788888596785,0.789226697785754
270,26163544100,26163544100,"+42.3929346,-083.2685039",0.515053251074772,0.411633275973675,0.455295911953965,0.581291908516519,0.315364953060167,0.362863159280097,0.583044462888755,0.895879085850228
271,26163544200,26163544200,"+42.4073688,-083.2619700",0.527124320518361,0.771287287936899,0.627367570791097,0.663742635609598,0.266746422512022,0.506361113852971,0.255916054186212,0.598449158739731
272,26163544300,26163544300,"+42.4086903,-083.2749743",0.596498988555955,0.609948345279445,0.409949738319637,0.819922425144251,0.258673534518624,0.571825749350179,0.60471819639685,0.900454930882697
273,26163545100,26163545100,"+42.3757244,-083.2071726",0.468907168976946,0.44127790013688,0.45174159160965,0.534689638429336,0.470963200545392,0.586176641551234,0.252699358163047,0.544801852403083
274,26163545200,26163545200,"+42.3688227,-083.2069235",0.486687734775585,0.42220023113569,0.630571765328979,0.665528622937609,0.457224378232628,0.271043771043771,0.414202661238531,0.546042713511886
275,26163545300,26163545300,"+42.3616038,-083.2068681",0.548548793254555,0.585376482678996,0.798550146396075,0.744873841340767,0.32272425630865,0.501310608802466,0.409953167309505,0.477053049945428
276,26163545400,26163545400,"+42.3543681,-083.2066365",0.551237476978888,0.739912343025845,0.788248714696089,0.779535099254054,0.364290705538706,0.174398710229329,0.420827590351039,0.591449175757158
277,26163545500,26163545500,"+42.3471339,-083.2064028",0.638425477089476,0.819919231522426,0.798435786915023,0.748461102132064,0.38385471408522,0.631570866098553,0.50443915318083,0.582297485692219
278,26163545600,26163545600,"+42.3399009,-083.2060508",0.599980433373037,0.741799839289774,0.616461532504615,0.620851671870867,0.466941975265655,0.717566544928109,0.538773111200412,0.497468358551829
279,26163545700,26163545700,"+42.3328249,-083.2242628",0.488038334918692,0.630390989652508,0.65880044949946,0.342081230376489,0.409015626085467,0.740899768587065,0.196041942861864,0.439038337367992
280,26163545800,26163545800,"+42.3396092,-083.2268502",0.58368199429774,0.76857726394059,0.779284455198564,0.696543292691973,0.382632467133876,0.579947136950394,0.36442555780476,0.514363786364023
281,26163545900,26163545900,"+42.3468695,-083.2259311",0.496541223648943,0.553942337572963,0.656540893117525,0.519025571498872,0.388136905292083,0.542114960681736,0.349534489816613,0.466493407562807
282,26163546000,26163546000,"+42.3540965,-083.2261440",0.597023358461344,0.82820212877001,0.810183337670848,0.701697790483409,0.353909275148257,0.69250594983494,0.316315953535361,0.476349073786587
283,26163546100,26163546100,"+42.3508568,-083.2405854",0.552831149614632,0.647099596790898,0.643936184546947,0.72465360109065,0.246084558758384,0.455795742440694,0.370725625030515,0.781522738644339
284,26163546200,26163546200,"+42.3464216,-083.2528230",0.496033899628992,0.299336248736823,0.461693932039028,0.544050062184138,0.085201404033392,0.691354368878799,0.477826767868343,0.912774513662421
285,26163546300,26163546300,"+42.3664397,-083.2586109",0.468818596464372,0.0714180486316256,0.317738398079707,0.516324356635518,0.162106321562614,0.854785641430593,0.440599097897975,0.918758311012573
286,26163546400,26163546400,"+42.3754399,-083.2413545",0.454055734253729,0.688995694496149,0.819565619123991,0.556017880482197,0.300729583134646,0.373156099540464,0.0860771331032385,0.353848129895417
287,26163546500,26163546500,"+42.3682497,-083.2411333",0.446022396064197,0.659048155832555,0.769361555530495,0.534635645097554,0.246919131318459,0.294031520415885,0.17771447456876,0.440446289685675
288,26163546600,26163546600,"+42.3610566,-083.2415451",0.472573210584052,0.843835149939792,0.668292466919442,0.564940869497501,0.263650701931684,0.347903574287939,0.175423541032122,0.443966170479882
289,26163546700,26163546700,"+42.3613063,-083.2262460",0.480209547269756,0.550603432470606,0.420912775997029,0.486615582075976,0.34060337084525,0.806984064313055,0.280806483717472,0.474941121468904
290,26163546800,26163546800,"+42.3697567,-083.2297901",0.540559157569723,0.513964670828207,0.81886533731589,0.735084889985218,0.304090856312988,0.609745665120258,0.311734086462085,0.490428596963415
291,26163546900,26163546900,"+42.3739170,-083.2228469",0.378845266068,0.498542761544104,0.56635078814388,0.530137258345378,0.446952349739368,0.0824915824915825,0.0820679994141219,0.445374122797564
292,26163550100,26163550100,"+42.3681537,-082.9237513",0.331632612969032,0.13710027792439,0.160101035637118,0.232709915768973,0.00979885639216761,0.833563649524562,0.46677770809,0.481376847446016
293,26163551600,26163551600,"+42.4340457,-082.9401024",0.391993059922173,0.319716681113487,0.308057535332672,0.322078426516953,0.332808909706057,0.827718005242435,0.433290644353224,0.200281217190382
294,26163552800,26163552800,"+42.3879631,-083.0514612",0.665240605438086,0.713826223292895,0.705402375079032,0.805053099296149,0.598175923651416,0.704197238399193,0.583996514776521,0.546032863571393
295,26163553300,26163553300,"+42.3971272,-083.1054361",0.579980569583285,0.86092556429171,0.601498298151485,0.669743675842411,0.703965354991176,0.37037037037037,0.446715139315049,0.406645584120793
296,26163553600,26163553600,"+42.4008134,-083.0848809",0.435917030952172,0.300158132378605,0.390821970326093,0.358256799700515,0.753469252433565,0.485846521677141,0.225281390483988,0.537585149665296
297,26163555400,26163555400,"+42.3676767,-083.2707820",0.423701325001495,0.145697783863717,0.15197865563956,0.526409172954151,0.403620974285084,0.592389694995558,0.358698223963165,0.787114769309229
298,26163573500,26163573500,"+42.3143412,-083.1525188",0.757290710443871,0.740592977399477,0.65984082257123,0.730927550152385,0.797070948396606,0.705387205387206,0.804735472289093,0.862479996911101
299,26163573600,26163573600,"+42.3391406,-083.1605742",0.685456959680777,0.618034847283206,0.571053175946413,0.934552345572858,0.609082850415421,0.712121212121212,0.715794672265057,0.63755961416127
300,26163577000,26163577000,"+42.2522226,-083.1670939",0.659803484016854,0.491115359107327,0.490610538019282,0.627944992013639,0.553394229886403,0.898556685201636,0.831608873799607,0.725393710090084
301,26163577100,26163577100,"+42.2577829,-083.1756791",0.681376180557419,0.599897200771918,0.438855316304836,0.550401502266397,0.776719863307426,0.942991258952171,0.800681271054994,0.660086851244195
302,26163578600,26163578600,"+42.2757597,-083.1776386",0.689163693126966,0.470471755447155,0.490092595720723,0.507738239965191,0.798076068507976,0.700567016527929,1,0.857200175719791
303,26163579900,26163579900,"+42.3201738,-083.2373533",0.412385498412554,0.191782256502425,0.173036654054175,0.350914470648153,0.268974170422264,0.609493414053675,0.397644094086012,0.894853429121177
304,26163985000,26163985000,"+42.3453308,-083.1280797",0.484978766651865,0.529329863571381,0.577926836327279,0.350713772831567,0.770802309562629,0.440496166880532,0.380172909147585,0.345409508242084
305,26163985100,26163985100,"+42.3777226,-083.0564328",0.412548710209131,0.10767098168968,0.100161913220619,0.135648577578655,0.880028718816951,0.691337917722283,0.412176499528669,0.560816362907062
306,26163985200,26163985200,"+42.3785776,-082.9715216",0.403157774400365,0.47968336154155,0.508673585798691,0.575675477259745,0.444747774684804,0.440496166880532,0.0887736745447239,0.28405438009251
307,26163985300,26163985300,"+42.3203926,-083.0701382",0.483123448277272,0.542405746114761,0.125286425937226,0.123071091314427,0.707821994384455,0.691337917722283,0.470595304712939,0.721345657754813
308,26163985500,26163985500,"+42.3418558,-082.9781710",0.479869106427936,0.497495086993881,0.435358464116328,0.517440568614715,0.131797559293516,0.440496166880532,0.344085072502413,0.992410826594169
309,26163985700,26163985700,"+42.3018740,-083.1653012",0.596257741753667,0.507600235150187,0.538089438603829,0.423474373116692,0.58746954985788,0.440496166880532,0.81560238407313,0.861072044593418
310,26163985900,26163985900,"+42.3662243,-083.0526570",0.394397491821622,0.409580218322058,0.600274644806288,0.260231782276091,0.452906283201832,0.440496166880532,0.263838553031356,0.333454794233195
