ToxPi Score,FIPS,Name,Source,Economic & Productivity Losses!1!0x88cceeff,Transition Risks!1!0x44aa99ff
0.439369455291429,26163500100,26163500100,"+42.4444014,-082.9509210",0.51152579582876,0.367213114754098
0.371312375159706,26163500200,26163500200,"+42.4461071,-082.9633178",0.375411635565313,0.367213114754098
0.37241007000054,26163500300,26163500300,"+42.4388723,-082.9656436",0.377607025246981,0.367213114754098
0.254407874610858,26163500400,26163500400,"+42.4261558,-082.9793388",0.141602634467618,0.367213114754098
0.304901837289234,26163500500,26163500500,"+42.4241342,-082.9679434",0.242590559824369,0.367213114754098
0.430587896564755,26163500600,26163500600,"+42.4315247,-082.9651767",0.493962678375412,0.367213114754098
0.471751453096039,26163500700,26163500700,"+42.4295995,-082.9473259",0.57628979143798,0.367213114754098
0.348809630922604,26163500800,26163500800,"+42.4246567,-082.9351961",0.330406147091109,0.367213114754098
0.44101599755268,26163500900,26163500900,"+42.4223549,-082.9475917",0.514818880351262,0.367213114754098
0.385033560670134,26163501000,26163501000,"+42.4187276,-082.9515638",0.402854006586169,0.367213114754098
0.434978675928092,26163501100,26163501100,"+42.4128315,-082.9601612",0.502744237102086,0.367213114754098
0.276361771427543,26163501200,26163501200,"+42.4114379,-082.9513090",0.185510428100988,0.367213114754098
0.399519533569668,26163501300,26163501300,"+42.4033690,-082.9505462",0.530186608122942,0.268852459016393
0.477788774720628,26163501400,26163501400,"+42.4091561,-082.9385202",0.588364434687157,0.367213114754098
0.477239927300211,26163501500,26163501500,"+42.4183457,-082.9264931",0.587266739846323,0.367213114754098
0.347711936081769,26163501600,26163501600,"+42.4129132,-082.9207524",0.32821075740944,0.367213114754098
0.473642727321805,26163501700,26163501700,"+42.4042423,-082.9212936",0.691547749725576,0.255737704918033
0.342885677781577,26163501800,26163501800,"+42.3983391,-082.9316723",0.62019758507135,0.0655737704918033
0.2210703424448,26163501900,26163501900,"+42.3952603,-082.9401000",0.389681668496158,0.0524590163934426
0.128430296377607,26163502000,26163502000,"+42.3932938,-082.9469658",0.256860592755214,0
0.411927084270573,26163503100,26163503100,"+42.4461391,-082.9778891",0.456641053787047,0.367213114754098
0.39569199762466,26163503200,26163503200,"+42.4454982,-082.9953169",0.529088913282108,0.262295081967213
0.401173273829875,26163503300,26163503300,"+42.4383158,-082.9950446",0.536772777167947,0.265573770491803
0.245626315884184,26163503400,26163503400,"+42.4389974,-082.9801546",0.12403951701427,0.367213114754098
0.417068255025103,26163503500,26163503500,"+42.4312541,-082.9922641",0.558726673984632,0.275409836065574
0.168670709542747,26163503600,26163503600,"+42.4249818,-082.9967805",0.166849615806806,0.170491803278689
0.321367259901747,26163503900,26163503900,"+42.4134536,-082.9873463",0.275521405049396,0.367213114754098
0.223123571647082,26163504000,26163504000,"+42.4169793,-082.9776759",0.0790340285400659,0.367213114754098
0.253310179770024,26163504100,26163504100,"+42.4153882,-082.9679696",0.139407244785949,0.367213114754098
0.318623022799662,26163504200,26163504200,"+42.4081498,-082.9717558",0.270032930845225,0.367213114754098
0.299044465638552,26163504300,26163504300,"+42.4055763,-082.9803156",0.312843029637761,0.285245901639344
0.179106008529629,26163504400,26163504400,"+42.4030542,-082.9892425",0.190998902305159,0.167213114754098
0.401615950765687,26163504700,26163504700,"+42.3941500,-083.0172716",0.239297475301866,0.563934426229508
0.0962876320382933,26163504800,26163504800,"+42.4089695,-083.0133701",0.0515916575192097,0.140983606557377
0.26548379550485,26163504900,26163504900,"+42.4263378,-083.0129968",0.458836443468716,0.0721311475409836
0.0624102499505138,26163505000,26163505000,"+42.4391006,-083.0087283",0.0526893523600439,0.0721311475409836
0.333540875636573,26163505100,26163505100,"+42.4403465,-083.0179417",0.594950603732162,0.0721311475409836
0.277385686779075,26163505200,26163505200,"+42.4138010,-083.0035037",0.403951701427003,0.150819672131148
0.333629051123788,26163505400,26163505400,"+42.4186463,-082.9937654",0.385290889132821,0.281967213114754
0.24992172176135,26163505500,26163505500,"+42.3970633,-083.0014601",0.339187705817783,0.160655737704918
0.236394882222742,26163506100,26163506100,"+42.4445674,-083.0320133",0.400658616904501,0.0721311475409836
0.180961292760613,26163506200,26163506200,"+42.4374798,-083.0316910",0.289791437980242,0.0721311475409836
0.270972269709021,26163506300,26163506300,"+42.4265859,-083.0313176",0.469813391877058,0.0721311475409836
0.241334509006496,26163506400,26163506400,"+42.4225996,-083.0523153",0.410537870472009,0.0721311475409836
0.159007395943928,26163506500,26163506500,"+42.4298760,-083.0459797",0.245883644346872,0.0721311475409836
0.259995321300678,26163506600,26163506600,"+42.4370474,-083.0485200",0.447859495060373,0.0721311475409836
0.0827176045059473,26163506700,26163506700,"+42.4441868,-083.0465810",0.0933040614709111,0.0721311475409836
0.297316945889043,26163506800,26163506800,"+42.4438513,-083.0676404",0.522502744237102,0.0721311475409836
0.306647352036134,26163506900,26163506900,"+42.4368143,-083.0671656",0.541163556531284,0.0721311475409836
0.219380612189811,26163507000,26163507000,"+42.4296948,-083.0621938",0.366630076838639,0.0721311475409836
0.200719799895629,26163507100,26163507100,"+42.4277494,-083.0763573",0.329308452250274,0.0721311475409836
0.0849129941876158,26163507200,26163507200,"+42.4209193,-083.0737640",0.0976948408342481,0.0721311475409836
0.232552950279822,26163507300,26163507300,"+42.4262623,-083.0877402",0.392974753018661,0.0721311475409836
0.267679185186518,26163507400,26163507400,"+42.4362144,-083.0856365",0.463227222832053,0.0721311475409836
0.188645156646452,26163507500,26163507500,"+42.4432546,-083.0881317",0.305159165751921,0.0721311475409836
0.100649619405805,26163507800,26163507800,"+42.4243919,-083.0970382",0.0472008781558727,0.154098360655738
0.37438951971352,26163507900,26163507900,"+42.4263906,-083.1066037",0.283205268935236,0.465573770491803
0.452325853412751,26163508000,26163508000,"+42.4392203,-083.1132634",0.439077936333699,0.465573770491803
0.30405607241187,26163508100,26163508100,"+42.4408940,-083.1014824",0.355653128430296,0.252459016393443
0.0794245199834446,26163510400,26163510400,"+42.4147480,-083.0760398",0.0867178924259056,0.0721311475409836
0.256153389357759,26163510500,26163510500,"+42.4086539,-083.0689077",0.440175631174533,0.0721311475409836
0.333382519659535,26163510600,26163510600,"+42.4074065,-083.0465471",0.522502744237102,0.144262295081967
0.342874880783142,26163510700,26163510700,"+42.3936461,-083.0398776",0.115257958287596,0.570491803278689
0.465041118569038,26163511000,26163511000,"+42.4008260,-083.0306599",0.756311745334797,0.173770491803279
0.407610084396538,26163511200,26163511200,"+42.3763856,-083.0658451",0.231613611416026,0.583606557377049
0.199073257634378,26163511300,26163511300,"+42.4154477,-083.0497684",0.326015367727772,0.0721311475409836
0.509146857173706,26163511400,26163511400,"+42.3900705,-083.0776630",0.434687156970362,0.583606557377049
0.449322488348239,26163511900,26163511900,"+42.3735241,-083.0718813",0.315038419319429,0.583606557377049
0.26658868834464,26163512100,26163512100,"+42.3989089,-082.9638962",0.464324917672887,0.0688524590163935
0.20900289719458,26163512200,26163512200,"+42.3953197,-082.9768484",0.368825466520307,0.0491803278688525
0.0784851811196487,26163512300,26163512300,"+42.3882982,-082.9663155",0.156970362239297,0
0.20801317233809,26163512400,26163512400,"+42.3908867,-082.9560714",0.41602634467618,0
0.250274423710209,26163512600,26163512600,"+42.3820764,-082.9560601",0.500548847420417,0
0.271679473106476,26163512900,26163512900,"+42.3755477,-082.9504678",0.543358946212953,0
0.336992316136114,26163513200,26163513200,"+42.3679701,-082.9383380",0.673984632272228,0
0.5,26163513300,26163513300,"+42.3582384,-082.9413094",1,0
0.0647639956092206,26163513600,26163513600,"+42.3657136,-082.9802179",0.129527991218441,0
0.49231613611416,26163513700,26163513700,"+42.3580493,-082.9609921",0.98463227222832,0
0.118551042810099,26163513900,26163513900,"+42.3722151,-082.9837943",0.237102085620198,0
0.250180849723777,26163514100,26163514100,"+42.3798303,-082.9893988",0.457738748627881,0.0426229508196721
0.449322488348239,26163514200,26163514200,"+42.3817139,-083.0084252",0.315038419319429,0.583606557377049
0.257272678195462,26163514300,26163514300,"+42.3888619,-082.9934067",0.45225027442371,0.0622950819672131
0.106701337028306,26163514500,26163514500,"+42.3753160,-082.9999028",0.0658616904500549,0.147540983606557
0.423013802162999,26163515200,26163515200,"+42.3616627,-083.0056672",0.278814489571899,0.567213114754098
0.338842201867881,26163515300,26163515300,"+42.3532902,-083.0005510",0.520307354555434,0.157377049180328
0.114579546885966,26163515400,26163515400,"+42.3609676,-082.9963793",0.170142700329308,0.059016393442623
0.0389681668496158,26163515600,26163515600,"+42.3639483,-082.9917654",0.0779363336992316,0
0.499350380594195,26163515700,26163515700,"+42.3530390,-082.9871415",0.952799121844127,0.0459016393442623
0.352176494934408,26163515900,26163515900,"+42.3829752,-083.0169292",0.120746432491767,0.583606557377049
0.498725954184737,26163516000,26163516000,"+42.3714831,-083.0093251",0.417124039517014,0.580327868852459
0.354920732036494,26163516100,26163516100,"+42.3756603,-083.0258411",0.126234906695939,0.583606557377049
0.311012938403124,26163516200,26163516200,"+42.3661558,-083.0189390",0.0384193194291987,0.583606557377049
0.349432257832323,26163516300,26163516300,"+42.3595713,-083.0152242",0.115257958287596,0.583606557377049
0.373581544330676,26163516400,26163516400,"+42.3508558,-083.0096137",0.163556531284303,0.583606557377049
0.634298465026722,26163516500,26163516500,"+42.3375655,-083.0148583",0.691547749725576,0.577049180327869
0.412549711180292,26163516600,26163516600,"+42.3413645,-083.0201887",0.241492864983535,0.583606557377049
0.475118317107844,26163516700,26163516700,"+42.3483954,-083.0210206",0.366630076838639,0.583606557377049
0.321989886811466,26163516800,26163516800,"+42.3560005,-083.0254934",0.0603732162458837,0.583606557377049
0.416940490543629,26163516900,26163516900,"+42.3446547,-083.0302450",0.250274423710209,0.583606557377049
0.512439941696209,26163517000,26163517000,"+42.3408105,-083.0361037",0.441273326015368,0.583606557377049
0.333515682640226,26163517100,26163517100,"+42.3358287,-083.0330442",0.0834248079034028,0.583606557377049
0.653493728743409,26163517200,26163517200,"+42.3338393,-083.0390113",0.72338090010977,0.583606557377049
0.453164420291159,26163517300,26163517300,"+42.3456895,-083.0505419",0.322722283205269,0.583606557377049
0.531100753990391,26163517500,26163517500,"+42.3541327,-083.0560746",0.478594950603732,0.583606557377049
0.517379568479963,26163518000,26163518000,"+42.3624987,-083.0613713",0.451152579582876,0.583606557377049
0.296742905472279,26163518400,26163518400,"+42.3698286,-083.0441079",0.00987925356750823,0.583606557377049
0.328576055856472,26163518500,26163518500,"+42.3732892,-083.0345719",0.0735455543358946,0.583606557377049
0.336259919742312,26163518600,26163518600,"+42.3647264,-083.0294479",0.0889132821075741,0.583606557377049
0.314306022925627,26163518800,26163518800,"+42.3597016,-083.0372366",0.0450054884742042,0.583606557377049
0.478960249050764,26163518900,26163518900,"+42.3525953,-083.0435070",0.374313940724479,0.583606557377049
0.532198448831225,26163520200,26163520200,"+42.3572141,-083.0699378",0.480790340285401,0.583606557377049
0.506951467492037,26163520300,26163520300,"+42.3497881,-083.0627334",0.430296377607025,0.583606557377049
0.395535441147361,26163520400,26163520400,"+42.3481561,-083.0675930",0.207464324917673,0.583606557377049
0.528356516888305,26163520700,26163520700,"+42.3347168,-083.0554556",0.473106476399561,0.583606557377049
0.712769250148459,26163520800,26163520800,"+42.3254678,-083.0537969",0.841931942919868,0.583606557377049
0.447675946086988,26163521100,26163521100,"+42.3208768,-083.0808652",0.311745334796926,0.583606557377049
0.411662557808929,26163521300,26163521300,"+42.3341230,-083.0929489",0.0856201975850713,0.737704918032787
0.411452016339458,26163521400,26163521400,"+42.3305838,-083.0730165",0.239297475301866,0.583606557377049
0.415293948282377,26163521500,26163521500,"+42.3368603,-083.0763920",0.246981339187706,0.583606557377049
0.314854870346044,26163521800,26163521800,"+42.3461214,-083.0712523",0.0461031833150384,0.583606557377049
0.532198448831225,26163521900,26163521900,"+42.3503993,-083.0805337",0.480790340285401,0.583606557377049
0.460848284176999,26163522000,26163522000,"+42.3435757,-083.0875891",0.338090010976948,0.583606557377049
0.401162476831441,26163522100,26163522100,"+42.3435090,-083.1014140",0.0318331503841932,0.770491803278689
0.40494682478271,26163522200,26163522200,"+42.3511187,-083.1065656",0.013172338090011,0.79672131147541
0.520305555055695,26163522300,26163522300,"+42.3565382,-083.0965947",0.289791437980242,0.750819672131148
0.336808767162729,26163522400,26163522400,"+42.3609881,-083.0833636",0.0900109769484084,0.583606557377049
0.493230281981609,26163522500,26163522500,"+42.3411363,-083.0606837",0.402854006586169,0.583606557377049
0.49722517140235,26163523100,26163523100,"+42.3259510,-083.1023821",0.230515916575192,0.763934426229508
0.60968130859621,26163523200,26163523200,"+42.3144563,-083.1042425",0.429198682766191,0.79016393442623
0.553250796278635,26163523300,26163523300,"+42.3172270,-083.0975239",0.362239297475302,0.744262295081967
0.454262115131993,26163523400,26163523400,"+42.3196503,-083.0910903",0.324917672886937,0.583606557377049
0.740445556135394,26163523800,26163523800,"+42.3078841,-083.1139929",0.50384193194292,0.977049180327869
0.596480178510374,26163524000,26163524000,"+42.3169861,-083.1199144",0.389681668496158,0.80327868852459
0.64697414118875,26163524100,26163524100,"+42.3113650,-083.1373320",0.490669593852909,0.80327868852459
0.694723866765039,26163524200,26163524200,"+42.3070018,-083.1291089",0.586169045005488,0.80327868852459
0.80902269169171,26163524300,26163524300,"+42.3001177,-083.1320379",0.62788144895719,0.990163934426229
0.699780461031833,26163524500,26163524500,"+42.2868892,-083.1512103",0.399560922063666,1
0.790340285400659,26163524700,26163524700,"+42.2739530,-083.1526152",0.580680570801317,1
0.763995609220637,26163524800,26163524800,"+42.2630997,-083.1615912",0.527991218441273,1
0.773889258786057,26163524900,26163524900,"+42.2904837,-083.1246926",0.554335894621295,0.99344262295082
0.818916341257131,26163525000,26163525000,"+42.3036532,-083.0973176",0.654226125137212,0.983606557377049
0.517994997390725,26163525400,26163525400,"+42.3391838,-083.1140246",0.232711306256861,0.80327868852459
0.426337478181066,26163525500,26163525500,"+42.3340140,-083.1093553",0.0493962678375412,0.80327868852459
0.470245271814436,26163525600,26163525600,"+42.3282644,-083.1115806",0.137211855104281,0.80327868852459
0.704603120332548,26163525700,26163525700,"+42.3267956,-083.1262619",0.605927552140505,0.80327868852459
0.500431879937378,26163525800,26163525800,"+42.3332194,-083.1284291",0.197585071350165,0.80327868852459
0.577819366216192,26163526000,26163526000,"+42.3259356,-083.1429717",0.352360043907794,0.80327868852459
0.515799607709057,26163526100,26163526100,"+42.3334778,-083.1520873",0.228320526893524,0.80327868852459
0.558609706501593,26163526200,26163526200,"+42.3372007,-083.1452619",0.313940724478595,0.80327868852459
0.606908279498299,26163526300,26163526300,"+42.3390784,-083.1384863",0.410537870472009,0.80327868852459
0.443900595634414,26163526400,26163526400,"+42.3405358,-083.1309829",0.0845225027442371,0.80327868852459
0.581112450738695,26163526500,26163526500,"+42.3481772,-083.1404328",0.358946212952799,0.80327868852459
0.430728257544403,26163527200,26163527200,"+42.3515946,-083.1186144",0.0581778265642152,0.80327868852459
0.444998290475248,26163527300,26163527300,"+42.3457181,-083.1184380",0.0867178924259056,0.80327868852459
0.470986665706933,26163530100,26163530100,"+42.4096746,-083.1216653",0.476399560922064,0.465573770491803
0.51928523870364,26163530200,26163530200,"+42.4111231,-083.1341948",0.572996706915478,0.465573770491803
0.517554119954653,26163530300,26163530300,"+42.4008029,-083.1306653",0.281009879253568,0.754098360655738
0.477380288279858,26163530400,26163530400,"+42.3909517,-083.1361282",0.151481888035126,0.80327868852459
0.550925842615753,26163530500,26163530500,"+42.3844331,-083.1340130",0.298572996706916,0.80327868852459
0.55147469003617,26163530800,26163530800,"+42.3716662,-083.1339332",0.29967069154775,0.80327868852459
0.594284788828706,26163530900,26163530900,"+42.3753050,-083.1262756",0.385290889132821,0.80327868852459
0.487259541847366,26163531100,26163531100,"+42.3748819,-083.1152689",0.171240395170143,0.80327868852459
0.555944647388026,26163531200,26163531200,"+42.3788297,-083.1020097",0.344676180021954,0.767213114754098
0.47902683054111,26163531300,26163531300,"+42.3833022,-083.1097921",0.154774972557629,0.80327868852459
0.488357236688201,26163531400,26163531400,"+42.3803842,-083.1189728",0.173435784851811,0.80327868852459
0.640936819564161,26163531500,26163531500,"+42.3870970,-083.1235622",0.478594950603732,0.80327868852459
0.507018048982383,26163531600,26163531600,"+42.3941530,-083.1282997",0.210757409440176,0.80327868852459
0.511993665760918,26163531700,26163531700,"+42.3980117,-083.1171527",0.237102085620198,0.786885245901639
0.549279300354502,26163531800,26163531800,"+42.3903871,-083.1146956",0.295279912184413,0.80327868852459
0.479048424537979,26163531900,26163531900,"+42.3902385,-083.1062989",0.164654226125137,0.79344262295082
0.440195425671663,26163532200,26163532200,"+42.3884007,-083.0939521",0.139407244785949,0.740983606557377
0.310464090982707,26163532300,26163532300,"+42.3840376,-083.0891148",0.0373216245883644,0.583606557377049
0.368093070126505,26163532400,26163532400,"+42.3784502,-083.0840723",0.15257958287596,0.583606557377049
0.413098558600709,26163532600,26163532600,"+42.3689514,-083.0885598",0.242590559824369,0.583606557377049
0.323087581652301,26163532700,26163532700,"+42.3752477,-083.0927712",0.0625686059275521,0.583606557377049
0.467623400694607,26163533000,26163533000,"+42.3655279,-083.0976664",0.187705817782656,0.747540983606557
0.480182109373594,26163533100,26163533100,"+42.3718956,-083.1019312",0.183315038419319,0.777049180327869
0.483417609904447,26163533200,26163533200,"+42.3687113,-083.1111289",0.163556531284303,0.80327868852459
0.498792535675082,26163533300,26163533300,"+42.3621943,-083.1067231",0.197585071350165,0.8
0.625569091792482,26163533400,26163533400,"+42.3633711,-083.1191094",0.447859495060373,0.80327868852459
0.434570189487323,26163533500,26163533500,"+42.3624806,-083.1312395",0.0658616904500549,0.80327868852459
0.552023537456587,26163533600,26163533600,"+42.3563635,-083.1217128",0.300768386388584,0.80327868852459
0.460914865667345,26163533700,26163533700,"+42.3569040,-083.1335477",0.118551042810099,0.80327868852459
0.545919634341653,26163533900,26163533900,"+42.3685171,-083.0774349",0.508232711306257,0.583606557377049
0.559707401342427,26163534100,26163534100,"+42.3750600,-083.1423228",0.316136114160263,0.80327868852459
0.695272714185457,26163534200,26163534200,"+42.3798594,-083.1559200",0.587266739846323,0.80327868852459
0.451584459520253,26163534300,26163534300,"+42.3749313,-083.1627851",0.0998902305159166,0.80327868852459
0.500980727357795,26163534400,26163534400,"+42.3693259,-083.1588593",0.198682766190999,0.80327868852459
0.438412121430242,26163534500,26163534500,"+42.3652492,-083.1451954",0.0735455543358946,0.80327868852459
0.500431879937378,26163534600,26163534600,"+42.3555106,-083.1437193",0.197585071350165,0.80327868852459
0.613494448543305,26163534700,26163534700,"+42.3591263,-083.1538569",0.42371020856202,0.80327868852459
0.607457126918717,26163535000,26163535000,"+42.3603948,-083.1762139",0.411635565312843,0.80327868852459
0.528423098378651,26163535100,26163535100,"+42.3694786,-083.1753696",0.253567508232711,0.80327868852459
0.576721671375358,26163535200,26163535200,"+42.3783005,-083.1753987",0.350164654226125,0.80327868852459
0.684844613197531,26163535300,26163535300,"+42.3727250,-083.1899689",0.566410537870472,0.80327868852459
0.47518489859819,26163535400,26163535400,"+42.3619120,-083.1897249",0.147091108671789,0.80327868852459
0.554218927138256,26163535500,26163535500,"+42.3546687,-083.1894514",0.305159165751921,0.80327868852459
0.651913767972504,26163535600,26163535600,"+42.3551099,-083.1675599",0.500548847420417,0.80327868852459
0.444449443054831,26163535700,26163535700,"+42.3624512,-083.1629391",0.0856201975850713,0.80327868852459
0.509954832556549,26163536100,26163536100,"+42.4134413,-083.1504213",0.554335894621295,0.465573770491803
0.340909827068075,26163536200,26163536200,"+42.4127063,-083.1641142",0.216245883644347,0.465573770491803
0.452325853412751,26163536300,26163536300,"+42.4061973,-083.1501123",0.439077936333699,0.465573770491803
0.565838296953447,26163536400,26163536400,"+42.3989571,-083.1498100",0.371020856201976,0.760655737704918
0.573977434273272,26163536500,26163536500,"+42.3884460,-083.1445271",0.344676180021954,0.80327868852459
0.652462615392921,26163536600,26163536600,"+42.3899155,-083.1588972",0.501646542261251,0.80327868852459
0.421462633387918,26163536700,26163536700,"+42.3987581,-083.1643604",0.0691547749725576,0.773770491803279
0.301941660218459,26163536800,26163536800,"+42.4064903,-083.1658850",0.138309549945115,0.465573770491803
0.481414766694859,26163536900,26163536900,"+42.4129308,-083.1776478",0.497255762897914,0.465573770491803
0.491294020262367,26163537000,26163537000,"+42.4057432,-083.1771291",0.517014270032931,0.465573770491803
0.557013550233035,26163537100,26163537100,"+42.3979765,-083.1765031",0.333699231613611,0.780327868852459
0.42359324107898,26163537200,26163537200,"+42.3881477,-083.1758564",0.0439077936333699,0.80327868852459
0.574526281693689,26163537300,26163537300,"+42.3848282,-083.1918279",0.345773874862788,0.80327868852459
0.408418059779381,26163537500,26163537500,"+42.4053507,-083.1917756",0.351262349066959,0.465573770491803
0.453972395674003,26163537600,26163537600,"+42.4126361,-083.1920649",0.442371020856202,0.465573770491803
0.597621061344946,26163537700,26163537700,"+42.3980970,-083.1914647",0.411635565312843,0.783606557377049
0.501529574778212,26163537800,26163537800,"+42.3918919,-083.1877019",0.199780461031833,0.80327868852459
0.550020694246999,26163538100,26163538100,"+42.4413341,-083.1269354",0.634467618002195,0.465573770491803
0.396343416530205,26163538200,26163538200,"+42.4349753,-083.1300384",0.327113062568606,0.465573770491803
0.428176566914398,26163538300,26163538300,"+42.4269590,-083.1237435",0.390779363336992,0.465573770491803
0.508308290295298,26163538400,26163538400,"+42.4244427,-083.1362309",0.551042810098792,0.465573770491803
0.549471846826582,26163538500,26163538500,"+42.4206842,-083.1507627",0.633369923161361,0.465573770491803
0.541239135520325,26163538600,26163538600,"+42.4278669,-083.1510894",0.616904500548847,0.465573770491803
0.494038257364453,26163538700,26163538700,"+42.4240331,-083.1655643",0.522502744237102,0.465573770491803
0.26736427273218,26163538800,26163538800,"+42.4350112,-083.1659258",0.0691547749725576,0.465573770491803
0.49458710478487,26163538900,26163538900,"+42.4350607,-083.1513465",0.523600439077936,0.465573770491803
0.445739684367746,26163539000,26163539000,"+42.4423439,-083.1516011",0.425905598243688,0.465573770491803
0.305234744740962,26163539100,26163539100,"+42.4421933,-083.1662919",0.144895718990121,0.465573770491803
0.540704684097821,26163539200,26163539200,"+42.4418860,-083.1852528",0.622392974753019,0.459016393442623
0.518736391283223,26163539300,26163539300,"+42.4348464,-083.1809086",0.571899012074643,0.465573770491803
0.495684799625704,26163539400,26163539400,"+42.4258579,-083.1758620",0.525795828759605,0.465573770491803
0.476475139911105,26163539500,26163539500,"+42.4198239,-083.1873321",0.487376509330406,0.465573770491803
0.463302801821094,26163539600,26163539600,"+42.4267839,-083.1911640",0.461031833150384,0.465573770491803
0.334330856022026,26163539700,26163539700,"+42.4346911,-083.1956884",0.206366630076839,0.462295081967213
0.36763599719278,26163540100,26163540100,"+42.4409076,-083.2102951",0.443468715697036,0.291803278688525
0.431714383401414,26163540200,26163540200,"+42.4338414,-083.2097474",0.509330406147091,0.354098360655738
0.441586438969966,26163540300,26163540300,"+42.4266089,-083.2094015",0.525795828759605,0.357377049180328
0.355410195965522,26163540400,26163540400,"+42.4193657,-083.2091493",0.350164654226125,0.360655737704918
0.38684565690738,26163540500,26163540500,"+42.4237296,-083.2251159",0.481888035126235,0.291803278688525
0.390138741429882,26163540600,26163540600,"+42.4224753,-083.2339950",0.48847420417124,0.291803278688525
0.356659048784438,26163540700,26163540700,"+42.4334044,-083.2292261",0.421514818880351,0.291803278688525
0.280369257346458,26163540800,26163540800,"+42.4405745,-083.2295474",0.268935236004391,0.291803278688525
0.397273757895305,26163540900,26163540900,"+42.4401121,-083.2489699",0.502744237102086,0.291803278688525
0.397822605315722,26163541000,26163541000,"+42.4329511,-083.2487283",0.50384193194292,0.291803278688525
0.40770185888323,26163541100,26163541100,"+42.4222559,-083.2439581",0.523600439077936,0.291803278688525
0.312202407730651,26163541200,26163541200,"+42.4220120,-083.2537031",0.332601536772777,0.291803278688525
0.34677979521693,26163541300,26163541300,"+42.4215788,-083.2821395",0.401756311745335,0.291803278688525
0.476307786435371,26163541400,26163541400,"+42.4244065,-083.2688858",0.660812294182217,0.291803278688525
0.412092638246567,26163541500,26163541500,"+42.4362189,-083.2633513",0.53238199780461,0.291803278688525
0.478503176117039,26163541700,26163541700,"+42.4361333,-083.2731759",0.665203073545554,0.291803278688525
0.402762232099476,26163541800,26163541800,"+42.4356241,-083.2828630",0.513721185510428,0.291803278688525
0.482735599503338,26163542100,26163542100,"+42.4121468,-083.2090072",0.601536772777168,0.363934426229508
0.485314282629429,26163542200,26163542200,"+42.4049237,-083.2086673",0.531284302963776,0.439344262295082
0.362885317881629,26163542300,26163542300,"+42.3984056,-083.2054071",0.270032930845225,0.455737704918033
0.376613701391013,26163542400,26163542400,"+42.3908903,-083.2036174",0.300768386388584,0.452459016393443
0.300228536466862,26163542500,26163542500,"+42.3927935,-083.2132702",0.354555433589462,0.245901639344262
0.460608950711702,26163542600,26163542600,"+42.3829687,-083.2077387",0.478594950603732,0.442622950819672
0.112125029241871,26163542700,26163542700,"+42.3824612,-083.2268100",0.0472008781558727,0.177049180327869
0.249336884346152,26163542800,26163542800,"+42.3901406,-083.2243491",0.321624588364435,0.177049180327869
0.413782368501557,26163542900,26163542900,"+42.3988392,-083.2260719",0.555433589462129,0.272131147540984
0.275978477983121,26163543000,26163543000,"+42.4068106,-083.2257349",0.260153677277717,0.291803278688525
0.374771013658203,26163543100,26163543100,"+42.4126595,-083.2284219",0.457738748627881,0.291803278688525
0.366538302351946,26163543200,26163543200,"+42.4112995,-083.2475927",0.441273326015368,0.291803278688525
0.351199366576092,26163543400,26163543400,"+42.4015679,-083.2374736",0.42371020856202,0.278688524590164
0.198590991704306,26163543500,26163543500,"+42.4040427,-083.2498756",0.105378704720088,0.291803278688525
0.194821039750949,26163543600,26163543600,"+42.3968066,-083.2510232",0.130625686059276,0.259016393442623
0.237262241096975,26163543700,26163543700,"+42.3894635,-083.2386147",0.297475301866081,0.177049180327869
0.114320418923539,26163543800,26163543800,"+42.3894072,-083.2540332",0.0515916575192097,0.177049180327869
0.195000989724857,26163543900,26163543900,"+42.3819469,-083.2493385",0.212952799121844,0.177049180327869
0.360752910690828,26163544000,26163544000,"+42.3823964,-083.2671854",0.544456641053787,0.177049180327869
0.597696640333987,26163544100,26163544100,"+42.3929346,-083.2685039",0.946212952799122,0.249180327868852
0.284211189289378,26163544200,26163544200,"+42.4073688,-083.2619700",0.276619099890231,0.291803278688525
0.618466466322362,26163544300,26163544300,"+42.4086903,-083.2749743",0.94840834248079,0.288524590163934
0.281128646236346,26163545100,26163545100,"+42.3757244,-083.2071726",0.11635565312843,0.445901639344262
0.435896420795019,26163545200,26163545200,"+42.3688227,-083.2069235",0.422612513721186,0.449180327868852
0.431824152885498,26163545300,26163545300,"+42.3616038,-083.2068681",0.309549945115258,0.554098360655738
0.442245055874467,26163545400,26163545400,"+42.3543681,-083.2066365",0.327113062568606,0.557377049180328
0.522369581256411,26163545500,26163545500,"+42.3471339,-083.2064028",0.484083424807903,0.560655737704918
0.555271634485613,26163545600,26163545600,"+42.3399009,-083.2060508",0.536772777167947,0.573770491803279
0.22683414010905,26163545700,26163545700,"+42.3328249,-083.2242628",0.276619099890231,0.177049180327869
0.388195281711684,26163545800,26163545800,"+42.3396092,-083.2268502",0.599341383095499,0.177049180327869
0.373925248780839,26163545900,26163545900,"+42.3468695,-083.2259311",0.570801317233809,0.177049180327869
0.342092098396646,26163546000,26163546000,"+42.3540965,-083.2261440",0.507135016465423,0.177049180327869
0.394232603336273,26163546100,26163546100,"+42.3508568,-083.2405854",0.611416026344676,0.177049180327869
0.496867070954275,26163546200,26163546200,"+42.3464216,-083.2528230",0.816684961580681,0.177049180327869
0.461191988627162,26163546300,26163546300,"+42.3664397,-083.2586109",0.745334796926454,0.177049180327869
0.121455435388962,26163546400,26163546400,"+42.3754399,-083.2413545",0.0658616904500549,0.177049180327869
0.209271022655702,26163546500,26163546500,"+42.3682497,-083.2411333",0.241492864983535,0.177049180327869
0.207075632974033,26163546600,26163546600,"+42.3610566,-083.2415451",0.237102085620198,0.177049180327869
0.308063558330784,26163546700,26163546700,"+42.3613063,-083.2262460",0.439077936333699,0.177049180327869
0.337701319033309,26163546800,26163546800,"+42.3697567,-083.2297901",0.498353457738749,0.177049180327869
0.117613503446042,26163546900,26163546900,"+42.3739170,-083.2228469",0.0581778265642151,0.177049180327869
0.486278814489572,26163550100,26163550100,"+42.3681537,-082.9237513",0.972557628979144,0
0.454188335642691,26163551600,26163551600,"+42.4340457,-082.9401024",0.541163556531284,0.367213114754098
0.598608986701697,26163552800,26163552800,"+42.3879631,-083.0514612",0.613611416026345,0.583606557377049
0.467052959277321,26163553300,26163553300,"+42.3971272,-083.1054361",0.176728869374314,0.757377049180328
0.254854150546148,26163553600,26163553600,"+42.4008134,-083.0848809",0.345773874862788,0.163934426229508
0.382706807507513,26163555400,26163555400,"+42.3676767,-083.2707820",0.588364434687157,0.177049180327869
0.810141980529413,26163573500,26163573500,"+42.3143412,-083.1525188",0.639956092206367,0.980327868852459
0.724910474887981,26163573600,26163573600,"+42.3391406,-083.1605742",0.646542261251372,0.80327868852459
0.83589462129528,26163577000,26163577000,"+42.2522226,-083.1670939",0.67178924259056,1
0.806256860592755,26163577100,26163577100,"+42.2577829,-083.1756791",0.61251372118551,1
0.997262960896871,26163578600,26163578600,"+42.2757597,-083.1776386",0.997804610318332,0.99672131147541
0.420028432095877,26163579900,26163579900,"+42.3201738,-083.2373533",0.663007683863886,0.177049180327869
0.403285886523546,26163985000,26163985000,"+42.3453308,-083.1280797",0.00329308452250274,0.80327868852459
0.43395476057656,26163985100,26163985100,"+42.3777226,-083.0564328",0.28430296377607,0.583606557377049
0.12403951701427,26163985200,26163985200,"+42.3785776,-082.9715216",0.24807903402854,0
0.489937197459106,26163985300,26163985300,"+42.3203926,-083.0701382",0.396267837541163,0.583606557377049
0.36870310053805,26163985500,26163985500,"+42.3418558,-082.9781710",0.681668496158068,0.0557377049180328
0.820555685519426,26163985700,26163985700,"+42.3018740,-083.1653012",0.654226125137212,0.986885245901639
0.291803278688525,26163985900,26163985900,"+42.3662243,-083.0526570",0,0.583606557377049
